,index,country,year,ladder,log_gdp_per_capita,social_support,healthy_life_expectancy,freedom,generosity,corruption,positive_affect,negative_affect,trust_government,well_being_inequality_1,well_being_inequality_2,iso_code,oecd,cis,nato,eu,schengen,eurozone,acp_group,can,apec,bsec,caricom,efta,nafta,wto,continent,region_x,common_name,official_name,tld,cca2,ccn3,cca3,cioc,independent,capital,region_y,subregion,official_languages,latitude,longitude,demonym,landlocked,borders,area_sqkm,flag_emoji,nb_borders
0,10,Afghanistan,2018,2.69,7.49,0.51,52.6,0.37,-0.08,0.93,0.42,0.4,0.36,1.41,0.52,AFG,False,False,False,False,False,False,False,False,False,False,False,False,False,True,Asia,South Asia,Afghanistan,Islamic Republic of Afghanistan,.af,AF,004,AFG,AFG,True,Kabul,Asia,Southern Asia,"{'prs': 'Dari', 'pus': 'Pashto', 'tuk': 'Turkmen'}",33.0,65.0,Afghan,True,"['IRN', 'PAK', 'TKM', 'UZB', 'TJK', 'CHN']",652230.0,ğŸ‡¦ğŸ‡«,6
1,21,Albania,2018,5.0,9.41,0.68,68.7,0.82,0.01,0.9,0.71,0.32,0.44,2.64,0.53,ALB,False,False,True,False,False,False,False,False,False,True,False,False,False,True,Europe,"Western, Central, and Eastern Europe",Albania,Republic of Albania,.al,AL,008,ALB,ALB,True,Tirana,Europe,Southern Europe,{'sqi': 'Albanian'},41.0,20.0,Albanian,False,"['MNE', 'GRC', 'MKD', 'UNK']",28748.0,ğŸ‡¦ğŸ‡±,4
2,28,Algeria,2018,5.04,9.56,0.8,65.9,0.58,-0.17,0.76,0.59,0.29,,1.97,0.39,DZA,False,False,False,False,False,False,False,False,False,False,False,False,False,False,Africa,Middle East and North Africa,Algeria,People's Democratic Republic of Algeria,.dz,DZ,012,DZA,ALG,True,Algiers,Africa,Northern Africa,{'ara': 'Arabic'},28.0,3.0,Algerian,False,"['TUN', 'LBY', 'NER', 'ESH', 'MRT', 'MLI', 'MAR']",2381741.0,ğŸ‡©ğŸ‡¿,7
3,45,Argentina,2018,5.79,9.81,0.9,68.8,0.85,-0.21,0.86,0.82,0.32,0.26,2.47,0.43,ARG,False,False,False,False,False,False,False,False,False,False,False,False,False,True,South America,Latin America and the Caribbean,Argentina,Argentine Republic,.ar,AR,032,ARG,ARG,True,Buenos Aires,Americas,South America,"{'grn': 'GuaranÃ­', 'spa': 'Spanish'}",-34.0,-64.0,Argentine,False,"['BOL', 'BRA', 'CHL', 'PRY', 'URY']",2780400.0,ğŸ‡¦ğŸ‡·,5
4,58,Armenia,2018,5.06,9.12,0.81,66.9,0.81,-0.15,0.68,0.58,0.45,0.67,2.1,0.42,ARM,False,True,False,False,False,False,False,False,False,True,False,False,False,True,Europe,"Western, Central, and Eastern Europe",Armenia,Republic of Armenia,.am,AM,051,ARM,ARM,True,Yerevan,Asia,Western Asia,{'hye': 'Armenian'},40.0,45.0,Armenian,True,"['AZE', 'GEO', 'IRN', 'TUR']",29743.0,ğŸ‡¦ğŸ‡²,4
5,70,Australia,2018,7.18,10.72,0.94,73.6,0.92,0.14,0.4,0.76,0.19,0.47,1.75,0.24,AUS,True,False,False,False,False,False,False,False,True,False,False,False,False,True,Oceania,Australia and Oceania,Australia,Commonwealth of Australia,.au,AU,036,AUS,AUS,True,Canberra,Oceania,Australia and New Zealand,{'eng': 'English'},-27.0,133.0,Australian,False,[],7692024.0,ğŸ‡¦ğŸ‡º,0
6,81,Austria,2018,7.4,10.74,0.91,73.0,0.9,0.05,0.52,0.75,0.23,0.49,1.55,0.21,AUT,True,False,False,True,True,True,False,False,False,False,False,False,False,True,Europe,"Western, Central, and Eastern Europe",Austria,Republic of Austria,.at,AT,040,AUT,AUT,True,Vienna,Europe,Western Europe,{'bar': 'Austro-Bavarian German'},47.33333333,13.33333333,Austrian,True,"['CZE', 'DEU', 'HUN', 'ITA', 'LIE', 'SVK', 'SVN', 'CHE']",83871.0,ğŸ‡¦ğŸ‡¹,8
7,94,Azerbaijan,2018,5.17,9.68,0.78,65.5,0.77,-0.25,0.56,0.59,0.19,0.83,1.86,0.36,AZE,False,True,False,False,False,False,False,False,False,True,False,False,False,False,Europe,"Western, Central, and Eastern Europe",Azerbaijan,Republic of Azerbaijan,.az,AZ,031,AZE,AZE,True,Baku,Asia,Western Asia,"{'aze': 'Azerbaijani', 'rus': 'Russian'}",40.5,47.5,Azerbaijani,True,"['ARM', 'GEO', 'IRN', 'RUS', 'TUR']",86600.0,ğŸ‡¦ğŸ‡¿,5
8,116,Bangladesh,2018,4.5,8.22,0.71,64.3,0.9,-0.04,0.7,0.54,0.36,0.83,2.16,0.48,BGD,False,False,False,False,False,False,False,False,False,False,False,False,False,True,Asia,South Asia,Bangladesh,People's Republic of Bangladesh,.bd,BD,050,BGD,BAN,True,Dhaka,Asia,Southern Asia,{'ben': 'Bengali'},24.0,90.0,Bangladeshi,False,"['MMR', 'IND']",147570.0,ğŸ‡§ğŸ‡©,2
9,129,Belarus,2018,5.23,9.78,0.9,66.1,0.64,-0.18,0.72,0.45,0.24,0.42,1.69,0.32,BLR,False,True,False,False,False,False,False,False,False,False,False,False,False,False,Europe,"Western, Central, and Eastern Europe",Belarus,Republic of Belarus,.by,BY,112,BLR,BLR,True,Minsk,Europe,Eastern Europe,"{'bel': 'Belarusian', 'rus': 'Russian'}",53.0,28.0,Belarusian,True,"['LVA', 'LTU', 'POL', 'RUS', 'UKR']",207600.0,ğŸ‡§ğŸ‡¾,5
10,141,Belgium,2018,6.89,10.67,0.93,72.0,0.81,-0.13,0.63,0.75,0.25,0.44,1.55,0.22,BEL,True,False,True,True,True,True,False,False,False,False,False,False,False,True,Europe,"Western, Central, and Eastern Europe",Belgium,Kingdom of Belgium,.be,BE,056,BEL,BEL,True,Brussels,Europe,Western Europe,"{'deu': 'German', 'fra': 'French', 'nld': 'Dutch'}",50.83333333,4.0,Belgian,False,"['FRA', 'DEU', 'LUX', 'NLD']",30528.0,ğŸ‡§ğŸ‡ª,4
11,153,Benin,2018,5.82,7.66,0.5,54.3,0.71,0.02,0.75,0.65,0.47,0.64,3.31,0.57,BEN,False,False,False,False,False,False,True,False,False,False,False,False,False,True,Africa,Sub-Saharan Africa,Benin,Republic of Benin,.bj,BJ,204,BEN,BEN,True,Porto-Novo,Africa,Western Africa,{'fra': 'French'},9.5,2.25,Beninese,False,"['BFA', 'NER', 'NGA', 'TGO']",112622.0,ğŸ‡§ğŸ‡¯,4
12,169,Bolivia,2018,5.92,8.86,0.83,63.6,0.86,-0.09,0.79,0.74,0.39,0.4,2.2,0.37,BOL,False,False,False,False,False,False,False,True,False,False,False,False,False,True,South America,Latin America and the Caribbean,Bolivia,Plurinational State of Bolivia,.bo,BO,068,BOL,BOL,True,Sucre,Americas,South America,"{'aym': 'Aymara', 'grn': 'GuaranÃ­', 'que': 'Quechua', 'spa': 'Spanish'}",-17.0,-65.0,Bolivian,True,"['ARG', 'BRA', 'CHL', 'PRY', 'PER']",1098581.0,ğŸ‡§ğŸ‡´,5
13,180,Bosnia and Herzegovina,2018,5.89,9.4,0.84,67.8,0.66,0.12,0.91,0.64,0.28,0.25,1.99,0.34,BIH,False,False,False,False,False,False,False,False,False,False,False,False,False,False,Europe,"Western, Central, and Eastern Europe",Bosnia and Herzegovina,Bosnia and Herzegovina,.ba,BA,070,BIH,BIH,True,Sarajevo,Europe,Southern Europe,"{'bos': 'Bosnian', 'hrv': 'Croatian', 'srp': 'Serbian'}",44.0,18.0,"Bosnian, Herzegovinian",False,"['HRV', 'MNE', 'SRB']",51209.0,ğŸ‡§ğŸ‡¦,3
14,191,Botswana,2018,3.46,9.68,0.79,58.9,0.82,-0.26,0.81,0.73,0.27,0.72,2.64,0.76,BWA,False,False,False,False,False,False,True,False,False,False,False,False,False,True,Africa,Sub-Saharan Africa,Botswana,Republic of Botswana,.bw,BW,072,BWA,BOT,True,Gaborone,Africa,Southern Africa,"{'eng': 'English', 'tsn': 'Tswana'}",-22.0,24.0,Motswana,True,"['NAM', 'ZAF', 'ZMB', 'ZWE']",582000.0,ğŸ‡§ğŸ‡¼,4
15,204,Brazil,2018,6.19,9.56,0.88,66.4,0.75,-0.13,0.76,0.75,0.35,0.17,2.64,0.43,BRA,False,False,False,False,False,False,False,False,False,False,False,False,False,True,South America,Latin America and the Caribbean,Brazil,Federative Republic of Brazil,.br,BR,076,BRA,BRA,True,BrasÃ­lia,Americas,South America,{'por': 'Portuguese'},-10.0,-55.0,Brazilian,False,"['ARG', 'BOL', 'COL', 'GUF', 'GUY', 'PRY', 'PER', 'SUR', 'URY', 'VEN']",8515767.0,ğŸ‡§ğŸ‡·,10
16,214,Bulgaria,2018,5.1,9.87,0.92,66.8,0.72,-0.18,0.95,0.64,0.19,0.22,2.04,0.4,BGR,False,False,True,True,False,False,False,False,False,True,False,False,False,True,Europe,"Western, Central, and Eastern Europe",Bulgaria,Republic of Bulgaria,.bg,BG,100,BGR,BUL,True,Sofia,Europe,Eastern Europe,{'bul': 'Bulgarian'},43.0,25.0,Bulgarian,False,"['GRC', 'MKD', 'ROU', 'SRB', 'TUR']",110879.0,ğŸ‡§ğŸ‡¬,5
17,226,Burkina Faso,2018,4.93,7.47,0.66,53.9,0.72,-0.0,0.76,0.71,0.34,0.62,2.65,0.54,BFA,False,False,False,False,False,False,True,False,False,False,False,False,False,True,Africa,Sub-Saharan Africa,Burkina Faso,Burkina Faso,.bf,BF,854,BFA,BUR,True,Ouagadougou,Africa,Western Africa,{'fra': 'French'},13.0,-2.0,Burkinabe,True,"['BEN', 'CIV', 'GHA', 'MLI', 'NER', 'TGO']",272967.0,ğŸ‡§ğŸ‡«,6
18,231,Burundi,2018,3.78,6.54,0.48,53.4,0.65,-0.02,0.6,0.67,0.36,,2.82,0.75,BDI,False,False,False,False,False,False,True,False,False,False,False,False,False,True,Africa,Sub-Saharan Africa,Burundi,Republic of Burundi,.bi,BI,108,BDI,BDI,True,Bujumbura,Africa,Eastern Africa,"{'fra': 'French', 'run': 'Kirundi'}",-3.5,30.0,Burundian,True,"['COD', 'RWA', 'TZA']",27834.0,ğŸ‡§ğŸ‡®,3
19,244,Cambodia,2018,5.12,8.25,0.79,61.6,0.96,0.03,,0.84,0.41,,2.91,0.57,KHM,False,False,False,False,False,False,False,False,False,False,False,False,False,True,Asia,Southeast Asia,Cambodia,Kingdom of Cambodia,.kh,KH,116,KHM,CAM,True,Phnom Penh,Asia,South-Eastern Asia,{'khm': 'Khmer'},13.0,105.0,Cambodian,False,"['LAO', 'THA', 'VNM']",181035.0,ğŸ‡°ğŸ‡­,3
20,257,Cameroon,2018,5.25,8.13,0.68,52.7,0.82,0.03,0.88,0.64,0.36,0.65,2.92,0.56,CMR,False,False,False,False,False,False,True,False,False,False,False,False,False,True,Africa,Sub-Saharan Africa,Cameroon,Republic of Cameroon,.cm,CM,120,CMR,CMR,True,YaoundÃ©,Africa,Middle Africa,"{'eng': 'English', 'fra': 'French'}",6.0,12.0,Cameroonian,False,"['CAF', 'TCD', 'COG', 'GNQ', 'GAB', 'NGA']",475442.0,ğŸ‡¨ğŸ‡²,6
21,270,Canada,2018,7.18,10.7,0.92,73.6,0.95,0.1,0.37,0.82,0.26,0.61,1.76,0.25,CAN,True,False,True,False,False,False,False,False,True,False,False,False,True,True,North America,North America,Canada,Canada,.ca,CA,124,CAN,CAN,True,Ottawa,Americas,North America,"{'eng': 'English', 'fra': 'French'}",60.0,-95.0,Canadian,False,['USA'],9984670.0,ğŸ‡¨ğŸ‡¦,1
22,288,Chad,2018,4.49,7.47,0.58,48.2,0.65,0.01,0.76,0.55,0.54,0.58,3.11,0.69,TCD,False,False,False,False,False,False,True,False,False,False,False,False,False,True,Africa,Sub-Saharan Africa,Chad,Republic of Chad,.td,TD,148,TCD,CHA,True,N'Djamena,Africa,Middle Africa,"{'ara': 'Arabic', 'fra': 'French'}",15.0,19.0,Chadian,True,"['CMR', 'CAF', 'LBY', 'NER', 'NGA', 'SDN']",1284000.0,ğŸ‡¹ğŸ‡©,6
23,301,Chile,2018,6.44,10.07,0.89,69.9,0.79,-0.07,0.82,0.83,0.28,0.33,2.15,0.33,CHL,True,False,False,False,False,False,False,False,True,False,False,False,False,True,South America,Latin America and the Caribbean,Chile,Republic of Chile,.cl,CL,152,CHL,CHI,True,Santiago,Americas,South America,{'spa': 'Spanish'},-30.0,-71.0,Chilean,False,"['ARG', 'BOL', 'PER']",756102.0,ğŸ‡¨ğŸ‡±,3
24,314,China,2018,5.13,9.69,0.79,69.3,0.9,-0.17,,0.86,0.19,,2.26,0.44,CHN,False,False,False,False,False,False,False,False,True,False,False,False,False,True,Asia,East Asia,China,People's Republic of China,.cn,CN,156,CHN,CHN,True,Beijing,Asia,Eastern Asia,{'zho': 'Chinese'},35.0,105.0,Chinese,False,"['AFG', 'BTN', 'MMR', 'HKG', 'IND', 'KAZ', 'NPL', 'PRK', 'KGZ', 'LAO', 'MAC', 'MNG', 'PAK', 'RUS', 'TJK', 'VNM']",9706961.0,ğŸ‡¨ğŸ‡³,16
25,327,Colombia,2018,5.98,9.51,0.87,67.7,0.85,-0.16,0.85,0.83,0.3,0.27,2.68,0.45,COL,False,False,False,False,False,False,False,True,False,False,False,False,False,True,South America,Latin America and the Caribbean,Colombia,Republic of Colombia,.co,CO,170,COL,COL,True,BogotÃ¡,Americas,South America,{'spa': 'Spanish'},4.0,-72.0,Colombian,False,"['BRA', 'ECU', 'PAN', 'PER', 'VEN']",1141748.0,ğŸ‡¨ğŸ‡´,5
26,332,Comoros,2018,3.97,7.26,0.62,57.2,0.56,0.14,0.79,0.75,0.34,0.32,2.88,0.73,COM,False,False,False,False,False,False,True,False,False,False,False,False,False,False,Africa,Sub-Saharan Africa,Comoros,Union of the Comoros,.km,KM,174,COM,COM,True,Moroni,Africa,Eastern Africa,"{'ara': 'Arabic', 'fra': 'French', 'zdj': 'Comorian'}",-12.16666666,44.25,Comoran,False,[],1862.0,ğŸ‡°ğŸ‡²,0
27,341,Congo (Brazzaville),2018,5.49,8.47,0.62,57.9,0.7,-0.12,0.74,0.59,0.45,0.47,3.35,0.61,COG,False,False,False,False,False,False,True,False,False,False,False,False,False,True,Africa,Sub-Saharan Africa,Republic of the Congo,Republic of the Congo,.cg,CG,178,COG,CGO,True,Brazzaville,Africa,Middle Africa,"{'fra': 'French', 'kon': 'Kikongo', 'lin': 'Lingala'}",-1.0,15.0,Congolese,False,"['AGO', 'CMR', 'CAF', 'COD', 'GAB']",342000.0,ğŸ‡¨ğŸ‡¬,5
28,362,Costa Rica,2018,7.14,9.67,0.88,71.3,0.94,-0.1,0.78,0.87,0.33,0.48,2.15,0.3,CRI,False,False,False,False,False,False,False,False,False,False,False,False,False,True,North America,Latin America and the Caribbean,Costa Rica,Republic of Costa Rica,.cr,CR,188,CRI,CRC,True,San JosÃ©,Americas,Central America,{'spa': 'Spanish'},10.0,-84.0,Costa Rican,False,"['NIC', 'PAN']",51100.0,ğŸ‡¨ğŸ‡·,2
29,373,Croatia,2018,5.54,10.07,0.91,70.2,0.69,-0.15,0.93,0.58,0.29,0.25,1.7,0.31,HRV,False,False,True,True,False,False,False,False,False,False,False,False,False,True,Europe,"Western, Central, and Eastern Europe",Croatia,Republic of Croatia,.hr,HR,191,HRV,CRO,True,Zagreb,Europe,Southern Europe,{'hrv': 'Croatian'},45.16666666,15.5,Croatian,False,"['BIH', 'HUN', 'MNE', 'SRB', 'SVN']",56594.0,ğŸ‡­ğŸ‡·,5
30,385,Cyprus,2018,6.28,,0.83,73.7,0.79,,0.85,0.75,0.3,0.35,2.13,0.34,CYP,False,False,False,True,False,True,False,False,False,False,False,False,False,True,Europe,"Western, Central, and Eastern Europe",Cyprus,Republic of Cyprus,.cy,CY,196,CYP,CYP,True,Nicosia,Europe,Eastern Europe,"{'ell': 'Greek', 'tur': 'Turkish'}",35.0,33.0,Cypriot,False,[],9251.0,ğŸ‡¨ğŸ‡¾,0
31,396,Czech Republic,2018,7.03,10.42,0.93,70.3,0.79,-0.29,0.85,0.71,0.18,0.42,1.67,0.24,CZE,True,False,True,True,True,False,False,False,False,False,False,False,False,True,Europe,"Western, Central, and Eastern Europe",Czechia,Czech Republic,.cz,CZ,203,CZE,CZE,True,Prague,Europe,Eastern Europe,"{'ces': 'Czech', 'slk': 'Slovak'}",49.75,15.5,Czech,True,"['AUT', 'DEU', 'POL', 'SVK']",78865.0,ğŸ‡¨ğŸ‡¿,4
32,409,Denmark,2018,7.65,10.76,0.96,72.4,0.94,0.02,0.15,0.82,0.21,0.63,1.65,0.22,DNK,True,False,False,True,True,False,False,False,False,False,False,False,False,True,Europe,"Western, Central, and Eastern Europe",Denmark,Kingdom of Denmark,.dk,DK,208,DNK,DEN,True,Copenhagen,Europe,Northern Europe,{'dan': 'Danish'},56.0,10.0,Danish,False,['DEU'],43094.0,ğŸ‡©ğŸ‡°,1
33,426,Dominican Republic,2018,5.43,9.63,0.86,65.8,0.87,-0.15,0.76,0.74,0.29,0.42,3.4,0.62,DOM,False,False,False,False,False,False,True,False,False,False,False,False,False,True,North America,Latin America and the Caribbean,Dominican Republic,Dominican Republic,.do,DO,214,DOM,DOM,True,Santo Domingo,Americas,Caribbean,{'spa': 'Spanish'},19.0,-70.66666666,Dominican,False,['HTI'],48671.0,ğŸ‡©ğŸ‡´,1
34,439,Ecuador,2018,6.13,9.27,0.85,68.5,0.87,-0.1,0.83,0.88,0.33,0.4,2.49,0.41,ECU,False,False,False,False,False,False,False,True,False,False,False,False,False,True,South America,Latin America and the Caribbean,Ecuador,Republic of Ecuador,.ec,EC,218,ECU,ECU,True,Quito,Americas,South America,{'spa': 'Spanish'},-2.0,-77.5,Ecuadorean,False,"['COL', 'PER']",276841.0,ğŸ‡ªğŸ‡¨,2
35,452,Egypt,2018,4.01,9.29,0.76,61.7,0.68,-0.22,,0.49,0.29,,2.02,0.5,EGY,False,False,False,False,False,False,False,False,False,False,False,False,False,True,Africa,Middle East and North Africa,Egypt,Arab Republic of Egypt,.eg,EG,818,EGY,EGY,True,Cairo,Africa,Northern Africa,{'ara': 'Arabic'},27.0,30.0,Egyptian,False,"['ISR', 'LBY', 'PSE', 'SDN']",1002450.0,ğŸ‡ªğŸ‡¬,4
36,465,El Salvador,2018,6.28,8.91,0.82,66.1,0.86,-0.1,0.83,0.87,0.27,0.32,2.52,0.4,SLV,False,False,False,False,False,False,False,False,False,False,False,False,False,True,North America,Latin America and the Caribbean,El Salvador,Republic of El Salvador,.sv,SV,222,SLV,ESA,True,San Salvador,Americas,Central America,{'spa': 'Spanish'},13.83333333,-88.91666666,Salvadoran,False,"['GTM', 'HND']",21041.0,ğŸ‡¸ğŸ‡»,2
37,477,Estonia,2018,6.09,10.32,0.93,68.6,0.89,-0.14,0.62,0.79,0.16,0.42,1.76,0.29,EST,True,False,True,True,True,True,False,False,False,False,False,False,False,True,Europe,"Western, Central, and Eastern Europe",Estonia,Republic of Estonia,.ee,EE,233,EST,EST,True,Tallinn,Europe,Northern Europe,{'est': 'Estonian'},59.0,26.0,Estonian,False,"['LVA', 'RUS']",45227.0,ğŸ‡ªğŸ‡ª,2
38,484,Ethiopia,2018,4.38,7.52,0.74,58.5,0.74,0.04,0.8,0.66,0.27,0.88,1.95,0.44,ETH,False,False,False,False,False,False,True,False,False,False,False,False,False,False,Africa,Sub-Saharan Africa,Ethiopia,Federal Democratic Republic of Ethiopia,.et,ET,231,ETH,ETH,True,Addis Ababa,Africa,Eastern Africa,{'amh': 'Amharic'},8.0,38.0,Ethiopian,True,"['DJI', 'ERI', 'KEN', 'SOM', 'SSD', 'SDN']",1104300.0,ğŸ‡ªğŸ‡¹,6
39,495,Finland,2018,7.86,10.64,0.96,71.9,0.94,-0.13,0.2,0.78,0.18,0.56,1.43,0.18,FIN,True,False,False,True,True,True,False,False,False,False,False,False,False,True,Europe,"Western, Central, and Eastern Europe",Finland,Republic of Finland,.fi,FI,246,FIN,FIN,True,Helsinki,Europe,Northern Europe,"{'fin': 'Finnish', 'swe': 'Swedish'}",64.0,26.0,Finnish,False,"['NOR', 'SWE', 'RUS']",338424.0,ğŸ‡«ğŸ‡®,3
40,508,France,2018,6.67,10.57,0.92,73.8,0.82,-0.14,0.58,0.77,0.28,0.38,1.6,0.24,FRA,True,False,True,True,True,True,False,False,False,False,False,False,False,True,Europe,"Western, Central, and Eastern Europe",France,French Republic,.fr,FR,250,FRA,FRA,True,Paris,Europe,Western Europe,{'fra': 'French'},46.0,2.0,French,False,"['AND', 'BEL', 'DEU', 'ITA', 'LUX', 'MCO', 'ESP', 'CHE']",551695.0,ğŸ‡«ğŸ‡·,8
41,516,Gabon,2018,4.78,9.72,0.78,59.7,0.72,-0.22,0.82,0.64,0.42,0.31,2.62,0.55,GAB,False,False,False,False,False,False,True,False,False,False,False,False,False,True,Africa,Sub-Saharan Africa,Gabon,Gabonese Republic,.ga,GA,266,GAB,GAB,True,Libreville,Africa,Middle Africa,{'fra': 'French'},-1.0,11.75,Gabonese,False,"['CMR', 'COG', 'GNQ']",267668.0,ğŸ‡¬ğŸ‡¦,3
42,518,Gambia,2018,4.92,7.38,0.68,55.0,0.72,,0.69,0.8,0.38,0.76,3.16,0.64,GMB,False,False,False,False,False,False,True,False,False,False,False,False,False,True,Africa,Sub-Saharan Africa,Gambia,Republic of the Gambia,.gm,GM,270,GMB,GAM,True,Banjul,Africa,Western Africa,{'eng': 'English'},13.46666666,-16.56666666,Gambian,False,['SEN'],10689.0,ğŸ‡¬ğŸ‡²,1
43,531,Georgia,2018,4.66,9.23,0.62,64.5,0.78,-0.22,0.75,0.57,0.24,0.3,2.22,0.48,GEO,False,True,False,False,False,False,False,False,False,True,False,False,False,True,Europe,"Western, Central, and Eastern Europe",Georgia,Georgia,.ge,GE,268,GEO,GEO,True,Tbilisi,Asia,Western Asia,{'kat': 'Georgian'},42.0,43.5,Georgian,False,"['ARM', 'AZE', 'RUS', 'TUR']",69700.0,ğŸ‡¬ğŸ‡ª,4
44,544,Germany,2018,7.12,10.73,0.92,72.2,0.88,0.03,0.5,0.78,0.24,0.59,1.62,0.23,DEU,True,False,True,True,True,True,False,False,False,False,False,False,False,True,Europe,"Western, Central, and Eastern Europe",Germany,Federal Republic of Germany,.de,DE,276,DEU,GER,True,Berlin,Europe,Western Europe,{'deu': 'German'},51.0,9.0,German,False,"['AUT', 'BEL', 'CZE', 'DNK', 'FRA', 'LUX', 'NLD', 'POL', 'CHE']",357114.0,ğŸ‡©ğŸ‡ª,9
45,568,Greece,2018,5.41,10.13,0.79,72.4,0.56,-0.34,0.86,0.67,0.26,0.16,2.08,0.38,GRC,True,False,True,True,True,True,False,False,False,True,False,False,False,True,Europe,"Western, Central, and Eastern Europe",Greece,Hellenic Republic,.gr,GR,300,GRC,GRE,True,Athens,Europe,Southern Europe,{'ell': 'Greek'},39.0,22.0,Greek,False,"['ALB', 'BGR', 'TUR', 'MKD']",131990.0,ğŸ‡¬ğŸ‡·,4
46,581,Guatemala,2018,6.63,8.92,0.84,64.8,0.91,-0.01,0.77,0.87,0.26,0.46,2.84,0.43,GTM,False,False,False,False,False,False,False,False,False,False,False,False,False,True,North America,Latin America and the Caribbean,Guatemala,Republic of Guatemala,.gt,GT,320,GTM,GUA,True,Guatemala City,Americas,Central America,{'spa': 'Spanish'},15.5,-90.25,Guatemalan,False,"['BLZ', 'SLV', 'HND', 'MEX']",108889.0,ğŸ‡¬ğŸ‡¹,4
47,589,Guinea,2018,5.25,7.63,0.63,54.4,0.73,0.1,0.78,0.74,0.44,0.59,3.3,0.63,GIN,False,False,False,False,False,False,True,False,False,False,False,False,False,True,Africa,Sub-Saharan Africa,Guinea,Republic of Guinea,.gn,GN,324,GIN,GUI,True,Conakry,Africa,Western Africa,{'fra': 'French'},11.0,-10.0,Guinean,False,"['CIV', 'GNB', 'LBR', 'MLI', 'SEN', 'SLE']",245857.0,ğŸ‡¬ğŸ‡³,6
48,601,Haiti,2018,3.61,7.42,0.54,55.7,0.59,0.42,0.72,0.58,0.36,0.37,3.08,0.85,HTI,False,False,False,False,False,False,True,False,False,False,True,False,False,True,North America,Latin America and the Caribbean,Haiti,Republic of Haiti,.ht,HT,332,HTI,HAI,True,Port-au-Prince,Americas,Caribbean,"{'fra': 'French', 'hat': 'Haitian Creole'}",19.0,-72.41666666,Haitian,False,['DOM'],27750.0,ğŸ‡­ğŸ‡¹,1
49,614,Honduras,2018,5.91,8.44,0.83,67.2,0.87,0.11,0.8,0.87,0.29,0.4,3.13,0.53,HND,False,False,False,False,False,False,False,False,False,False,False,False,False,True,North America,Latin America and the Caribbean,Honduras,Republic of Honduras,.hn,HN,340,HND,HON,True,Tegucigalpa,Americas,Central America,{'spa': 'Spanish'},15.0,-86.5,Honduran,False,"['GTM', 'SLV', 'NIC']",112492.0,ğŸ‡­ğŸ‡³,3
50,653,India,2018,3.82,8.83,0.64,60.1,0.89,0.07,0.81,0.66,0.36,0.75,2.21,0.58,IND,False,False,False,False,False,False,False,False,False,False,False,False,False,True,Asia,South Asia,India,Republic of India,.in,IN,356,IND,IND,True,New Delhi,Asia,Southern Asia,"{'eng': 'English', 'hin': 'Hindi', 'tam': 'Tamil'}",20.0,77.0,Indian,False,"['BGD', 'BTN', 'MMR', 'CHN', 'NPL', 'PAK']",3287590.0,ğŸ‡®ğŸ‡³,6
51,666,Indonesia,2018,5.34,9.36,0.81,62.1,0.88,0.5,0.87,0.86,0.3,0.84,2.53,0.47,IDN,False,False,False,False,False,False,False,False,True,False,False,False,False,True,Asia,Southeast Asia,Indonesia,Republic of Indonesia,.id,ID,360,IDN,INA,True,Jakarta,Asia,South-Eastern Asia,{'ind': 'Indonesian'},-5.0,120.0,Indonesian,False,"['TLS', 'MYS', 'PNG']",1904569.0,ğŸ‡®ğŸ‡©,3
52,677,Iran,2018,4.28,9.89,0.67,66.0,0.6,0.04,0.7,0.55,0.49,0.55,2.38,0.56,IRN,False,False,False,False,False,False,False,False,False,False,False,False,False,False,Asia,Middle East and North Africa,Iran,Islamic Republic of Iran,.ir,IR,364,IRN,IRI,True,Tehran,Asia,Southern Asia,{'fas': 'Persian'},32.0,53.0,Iranian,False,"['AFG', 'ARM', 'AZE', 'IRQ', 'PAK', 'TUR', 'TKM']",1648195.0,ğŸ‡®ğŸ‡·,7
53,699,Ireland,2018,6.96,11.16,0.94,72.3,0.86,0.14,0.36,0.81,0.21,0.62,1.86,0.27,IRL,True,False,False,True,False,True,False,False,False,False,False,False,False,True,Europe,"Western, Central, and Eastern Europe",Ireland,Republic of Ireland,.ie,IE,372,IRL,IRL,True,Dublin,Europe,Northern Europe,"{'eng': 'English', 'gle': 'Irish'}",53.0,-8.0,Irish,False,['GBR'],70273.0,ğŸ‡®ğŸ‡ª,1
54,712,Israel,2018,6.93,10.42,0.91,73.3,0.72,0.05,0.77,0.66,0.28,0.42,1.73,0.25,ISR,True,False,False,False,False,False,False,False,False,False,False,False,False,True,Asia,Middle East and North Africa,Israel,State of Israel,.il,IL,376,ISR,ISR,True,Jerusalem,Asia,Western Asia,"{'ara': 'Arabic', 'heb': 'Hebrew'}",31.47,35.13,Israeli,False,"['EGY', 'JOR', 'LBN', 'PSE', 'SYR']",20770.0,ğŸ‡®ğŸ‡±,5
55,725,Italy,2018,6.52,10.48,0.91,73.6,0.65,-0.02,0.89,0.65,0.4,0.21,1.52,0.23,ITA,True,False,True,True,True,True,False,False,False,False,False,False,False,True,Europe,"Western, Central, and Eastern Europe",Italy,Italian Republic,.it,IT,380,ITA,ITA,True,Rome,Europe,Southern Europe,{'ita': 'Italian'},42.83333333,12.83333333,Italian,False,"['AUT', 'FRA', 'SMR', 'SVN', 'CHE', 'VAT']",301336.0,ğŸ‡®ğŸ‡¹,6
56,732,Ivory Coast,2018,5.27,8.24,0.62,49.5,0.71,-0.04,0.79,0.68,0.39,0.54,3.08,0.58,CIV,False,False,False,False,False,False,True,False,False,False,False,False,False,True,Africa,Sub-Saharan Africa,Ivory Coast,Republic of CÃ´te d'Ivoire,.ci,CI,384,CIV,CIV,True,Yamoussoukro,Africa,Western Africa,{'fra': 'French'},8.0,-5.0,Ivorian,False,"['BFA', 'GHA', 'GIN', 'LBR', 'MLI']",322463.0,ğŸ‡¨ğŸ‡®,5
57,750,Japan,2018,5.79,10.58,0.89,75.0,0.77,-0.27,0.69,0.7,0.19,0.38,1.92,0.33,JPN,True,False,False,False,False,False,False,False,True,False,False,False,False,True,Asia,East Asia,Japan,Japan,.jp,JP,392,JPN,JPN,True,Tokyo,Asia,Eastern Asia,{'jpn': 'Japanese'},36.0,138.0,Japanese,False,[],377930.0,ğŸ‡¯ğŸ‡µ,0
58,763,Jordan,2018,4.64,9.02,0.8,66.8,0.76,-0.18,,,,,2.76,0.6,JOR,False,False,False,False,False,False,False,False,False,False,False,False,False,True,Jordan,Middle East and North Africa,Jordan,Hashemite Kingdom of Jordan,.jo,JO,400,JOR,JOR,True,Amman,Asia,Western Asia,{'ara': 'Arabic'},31.0,36.0,Jordanian,False,"['IRQ', 'ISR', 'PSE', 'SAU', 'SYR']",89342.0,ğŸ‡¯ğŸ‡´,5
59,776,Kazakhstan,2018,6.01,10.11,0.94,64.6,0.84,-0.11,0.82,0.69,0.16,0.62,1.88,0.31,KAZ,False,True,False,False,False,False,False,False,False,False,False,False,False,True,Europe,"Western, Central, and Eastern Europe",Kazakhstan,Republic of Kazakhstan,.kz,KZ,398,KAZ,KAZ,True,Astana,Asia,Central Asia,"{'kaz': 'Kazakh', 'rus': 'Russian'}",48.0,68.0,Kazakhstani,True,"['CHN', 'KGZ', 'RUS', 'TKM', 'UZB']",2724900.0,ğŸ‡°ğŸ‡¿,5
60,789,Kenya,2018,4.66,8.03,0.71,60.1,0.82,0.31,0.84,0.76,0.24,0.68,2.75,0.59,KEN,False,False,False,False,False,False,True,False,False,False,False,False,False,True,Africa,Sub-Saharan Africa,Kenya,Republic of Kenya,.ke,KE,404,KEN,KEN,True,Nairobi,Africa,Eastern Africa,"{'eng': 'English', 'swa': 'Swahili'}",1.0,38.0,Kenyan,False,"['ETH', 'SOM', 'SSD', 'TZA', 'UGA']",580367.0,ğŸ‡°ğŸ‡ª,5
61,801,Kosovo,2018,6.39,,0.82,65.15,0.89,,0.92,0.78,0.17,0.35,2.56,0.4,UNK,False,False,False,False,False,False,False,False,False,False,False,False,False,False,Europe,"Western, Central, and Eastern Europe",Kosovo,Republic of Kosovo,,XK,,UNK,KOS,,Pristina,Europe,Eastern Europe,"{'sqi': 'Albanian', 'srp': 'Serbian'}",42.666667,21.166667,Kosovar,True,"['ALB', 'MKD', 'MNE', 'SRB']",10908.0,ğŸ‡½ğŸ‡°,4
62,824,Kyrgyzstan,2018,5.3,8.15,0.9,64.1,0.94,0.29,0.91,0.76,0.2,0.5,1.9,0.36,KGZ,False,True,False,False,False,False,False,False,False,False,False,False,False,True,Europe,"Western, Central, and Eastern Europe",Kyrgyzstan,Kyrgyz Republic,.kg,KG,417,KGZ,KGZ,True,Bishkek,Asia,Central Asia,"{'kir': 'Kyrgyz', 'rus': 'Russian'}",41.0,75.0,Kirghiz,True,"['CHN', 'KAZ', 'TJK', 'UZB']",199951.0,ğŸ‡°ğŸ‡¬,4
63,831,Laos,2018,4.86,8.81,0.7,58.7,0.91,0.14,0.63,0.85,0.33,,2.16,0.44,LAO,False,False,False,False,False,False,False,False,False,False,False,False,False,True,Asia,Southeast Asia,Laos,Lao People's Democratic Republic,.la,LA,418,LAO,LAO,True,Vientiane,Asia,South-Eastern Asia,{'lao': 'Lao'},18.0,105.0,Laotian,True,"['MMR', 'KHM', 'CHN', 'THA', 'VNM']",236800.0,ğŸ‡±ğŸ‡¦,5
64,843,Latvia,2018,5.9,10.18,0.91,66.8,0.61,-0.22,0.8,0.59,0.19,0.2,1.72,0.29,LVA,True,False,True,True,True,True,False,False,False,False,False,False,False,True,Europe,"Western, Central, and Eastern Europe",Latvia,Republic of Latvia,.lv,LV,428,LVA,LAT,True,Riga,Europe,Northern Europe,{'lav': 'Latvian'},57.0,25.0,Latvian,False,"['BLR', 'EST', 'LTU', 'RUS']",64559.0,ğŸ‡±ğŸ‡»,4
65,856,Lebanon,2018,5.17,9.51,0.83,67.1,0.61,-0.07,0.91,0.46,0.27,0.22,2.15,0.42,LBN,False,False,False,False,False,False,False,False,False,False,False,False,False,False,Asia,Middle East and North Africa,Lebanon,Lebanese Republic,.lb,LB,422,LBN,LIB,True,Beirut,Asia,Western Asia,"{'ara': 'Arabic', 'fra': 'French'}",33.83333333,35.83333333,Lebanese,False,"['ISR', 'SYR']",10452.0,ğŸ‡±ğŸ‡§,2
66,867,Liberia,2018,4.13,6.63,0.73,56.1,0.77,0.1,0.87,0.66,0.44,0.7,3.72,0.9,LBR,False,False,False,False,False,False,True,False,False,False,False,False,False,True,Africa,Sub-Saharan Africa,Liberia,Republic of Liberia,.lr,LR,430,LBR,LBR,True,Monrovia,Africa,Western Africa,{'eng': 'English'},6.5,-9.5,Liberian,False,"['GIN', 'CIV', 'SLE']",111369.0,ğŸ‡±ğŸ‡·,3
67,872,Libya,2018,5.49,,0.82,62.3,0.78,,0.65,0.71,0.4,,2.47,0.45,LBY,False,False,False,False,False,False,False,False,False,False,False,False,False,False,Africa,Middle East and North Africa,Libya,State of Libya,.ly,LY,434,LBY,LBA,True,Tripoli,Africa,Northern Africa,{'ara': 'Arabic'},25.0,17.0,Libyan,False,"['DZA', 'TCD', 'EGY', 'NER', 'SDN', 'TUN']",1759540.0,ğŸ‡±ğŸ‡¾,6
68,885,Lithuania,2018,6.31,10.34,0.93,67.3,0.7,-0.24,0.85,0.52,0.21,0.32,1.95,0.31,LTU,True,False,True,True,True,True,False,False,False,False,False,False,False,True,Europe,"Western, Central, and Eastern Europe",Lithuania,Republic of Lithuania,.lt,LT,440,LTU,LTU,True,Vilnius,Europe,Northern Europe,{'lit': 'Lithuanian'},56.0,24.0,Lithuanian,False,"['BLR', 'LVA', 'POL', 'RUS']",65300.0,ğŸ‡±ğŸ‡¹,4
69,895,Luxembourg,2018,7.24,11.45,0.9,72.6,0.88,-0.03,0.39,0.75,0.2,0.76,1.34,0.19,LUX,True,False,True,True,True,True,False,False,False,False,False,False,False,True,Europe,"Western, Central, and Eastern Europe",Luxembourg,Grand Duchy of Luxembourg,.lu,LU,442,LUX,LUX,True,Luxembourg,Europe,Western Europe,"{'deu': 'German', 'fra': 'French', 'ltz': 'Luxembourgish'}",49.75,6.16666666,Luxembourger,True,"['BEL', 'FRA', 'DEU']",2586.0,ğŸ‡±ğŸ‡º,3
70,906,Macedonia,2018,5.24,9.5,0.85,67.5,0.74,-0.04,0.91,0.59,0.3,0.4,2.15,0.41,MKD,False,False,False,False,False,False,False,False,False,False,False,False,False,True,Europe,"Western, Central, and Eastern Europe",Macedonia,Republic of Macedonia,.mk,MK,807,MKD,MKD,True,Skopje,Europe,Southern Europe,{'mkd': 'Macedonian'},41.83333333,22.0,Macedonian,True,"['ALB', 'BGR', 'GRC', 'UNK', 'SRB']",25713.0,ğŸ‡²ğŸ‡°,5
71,916,Madagascar,2018,4.07,7.28,0.67,59.1,0.55,0.01,0.89,0.75,0.36,0.44,2.57,0.63,MDG,False,False,False,False,False,False,True,False,False,False,False,False,False,True,Africa,Sub-Saharan Africa,Madagascar,Republic of Madagascar,.mg,MG,450,MDG,MAD,True,Antananarivo,Africa,Eastern Africa,"{'fra': 'French', 'mlg': 'Malagasy'}",-20.0,47.0,Malagasy,False,[],587041.0,ğŸ‡²ğŸ‡¬,0
72,927,Malawi,2018,3.33,7.01,0.53,57.6,0.8,0.07,0.77,0.59,0.36,0.57,3.13,0.94,MWI,False,False,False,False,False,False,True,False,False,False,False,False,False,True,Africa,Sub-Saharan Africa,Malawi,Republic of Malawi,.mw,MW,454,MWI,MAW,True,Lilongwe,Africa,Eastern Africa,"{'eng': 'English', 'nya': 'Chewa'}",-13.5,34.0,Malawian,True,"['MOZ', 'TZA', 'ZMB']",118484.0,ğŸ‡²ğŸ‡¼,3
73,938,Malaysia,2018,5.34,10.24,0.79,67.0,0.87,0.11,0.89,0.82,0.2,0.73,1.64,0.31,MYS,False,False,False,False,False,False,False,False,True,False,False,False,False,True,Asia,Southeast Asia,Malaysia,Malaysia,.my,MY,458,MYS,MAS,True,Kuala Lumpur,Asia,South-Eastern Asia,"{'eng': 'English', 'msa': 'Malay'}",2.5,112.5,Malaysian,False,"['BRN', 'IDN', 'THA']",330803.0,ğŸ‡²ğŸ‡¾,3
74,950,Mali,2018,4.42,7.63,0.69,51.7,0.74,-0.03,0.79,0.77,0.37,0.51,2.63,0.6,MLI,False,False,False,False,False,False,True,False,False,False,False,False,False,True,Africa,Sub-Saharan Africa,Mali,Republic of Mali,.ml,ML,466,MLI,MLI,True,Bamako,Africa,Western Africa,{'fra': 'French'},17.0,-4.0,Malian,True,"['DZA', 'BFA', 'GIN', 'CIV', 'MRT', 'NER', 'SEN']",1240192.0,ğŸ‡²ğŸ‡±,7
75,960,Malta,2018,6.91,,0.93,72.2,0.93,,0.6,0.72,0.3,0.76,1.82,0.26,MLT,False,False,False,True,True,True,False,False,False,False,False,False,False,True,Europe,"Western, Central, and Eastern Europe",Malta,Republic of Malta,.mt,MT,470,MLT,MLT,True,Valletta,Europe,Southern Europe,"{'eng': 'English', 'mlt': 'Maltese'}",35.83333333,14.58333333,Maltese,False,[],316.0,ğŸ‡²ğŸ‡¹,0
76,972,Mauritania,2018,4.31,8.2,0.8,57.0,0.47,-0.1,0.71,0.66,0.28,0.26,2.12,0.49,MRT,False,False,False,False,False,False,True,False,False,False,False,False,False,True,Africa,Sub-Saharan Africa,Mauritania,Islamic Republic of Mauritania,.mr,MR,478,MRT,MTN,True,Nouakchott,Africa,Western Africa,{'ara': 'Arabic'},20.0,-12.0,Mauritanian,False,"['DZA', 'MLI', 'SEN', 'ESH']",1030700.0,ğŸ‡²ğŸ‡·,4
77,977,Mauritius,2018,5.88,9.96,0.91,66.4,0.87,-0.08,0.79,0.77,0.16,0.62,2.56,0.43,MUS,False,False,False,False,False,False,True,False,False,False,False,False,False,True,Africa,Sub-Saharan Africa,Mauritius,Republic of Mauritius,.mu,MU,480,MUS,MRI,True,Port Louis,Africa,Eastern Africa,"{'eng': 'English', 'fra': 'French', 'mfe': 'Mauritian Creole'}",-20.28333333,57.55,Mauritian,False,[],2040.0,ğŸ‡²ğŸ‡º,0
78,990,Mexico,2018,6.55,9.77,0.86,68.3,0.82,-0.18,0.81,0.88,0.21,0.29,2.33,0.36,MEX,True,False,False,False,False,False,False,False,True,False,False,False,True,True,North America,Latin America and the Caribbean,Mexico,United Mexican States,.mx,MX,484,MEX,MEX,True,Mexico City,Americas,North America,{'spa': 'Spanish'},23.0,-102.0,Mexican,False,"['BLZ', 'GTM', 'USA']",1964375.0,ğŸ‡²ğŸ‡½,3
79,1003,Moldova,2018,5.68,8.59,0.89,65.0,0.82,-0.03,0.93,0.58,0.27,0.24,2.03,0.36,MDA,False,True,False,False,False,False,False,False,False,True,False,False,False,True,Europe,"Western, Central, and Eastern Europe",Moldova,Republic of Moldova,.md,MD,498,MDA,MDA,True,ChiÈ™inÄƒu,Europe,Eastern Europe,{'ron': 'Moldavian'},47.0,29.0,Moldovan,True,"['ROU', 'UKR']",33846.0,ğŸ‡²ğŸ‡©,2
80,1014,Mongolia,2018,5.46,9.42,0.94,62.3,0.7,0.04,0.85,0.65,0.19,0.27,2.01,0.37,MNG,False,False,False,False,False,False,False,False,False,False,False,False,False,True,Asia,East Asia,Mongolia,Mongolia,.mn,MN,496,MNG,MGL,True,Ulan Bator,Asia,Eastern Asia,{'mon': 'Mongolian'},46.0,105.0,Mongolian,True,"['CHN', 'RUS']",1564110.0,ğŸ‡²ğŸ‡³,2
81,1025,Montenegro,2018,5.65,9.73,0.86,68.5,0.63,-0.05,0.77,0.59,0.35,0.4,2.27,0.4,MNE,False,False,True,False,False,False,False,False,False,False,False,False,False,True,Europe,"Western, Central, and Eastern Europe",Montenegro,Montenegro,.me,ME,499,MNE,MNE,True,Podgorica,Europe,Southern Europe,{'srp': 'Montenegrin'},42.5,19.3,Montenegrin,False,"['ALB', 'BIH', 'HRV', 'UNK', 'SRB']",13812.0,ğŸ‡²ğŸ‡ª,5
82,1033,Morocco,2018,4.9,8.94,0.55,65.9,0.77,-0.25,0.84,0.64,0.42,,2.71,0.55,MAR,False,False,False,False,False,False,False,False,False,False,False,False,False,True,Africa,Middle East and North Africa,Morocco,Kingdom of Morocco,.ma,MA,504,MAR,MAR,True,Rabat,Africa,Northern Africa,"{'ara': 'Arabic', 'ber': 'Berber'}",32.0,-5.0,Moroccan,False,"['DZA', 'ESH', 'ESP']",446550.0,ğŸ‡²ğŸ‡¦,3
83,1040,Mozambique,2018,4.65,7.04,0.74,54.2,0.9,0.05,0.69,0.64,0.4,0.83,3.33,0.71,MOZ,False,False,False,False,False,False,True,False,False,False,False,False,False,True,Africa,Sub-Saharan Africa,Mozambique,Republic of Mozambique,.mz,MZ,508,MOZ,MOZ,True,Maputo,Africa,Eastern Africa,{'por': 'Portuguese'},-18.25,35.0,Mozambican,False,"['MWI', 'ZAF', 'SWZ', 'TZA', 'ZMB', 'ZWE']",801590.0,ğŸ‡²ğŸ‡¿,6
84,1047,Myanmar,2018,4.41,8.69,0.77,59.0,0.91,0.47,0.65,0.78,0.3,0.88,2.29,0.52,MMR,False,False,False,False,False,False,False,False,False,False,False,False,False,True,Asia,Southeast Asia,Myanmar,Republic of the Union of Myanmar,.mm,MM,104,MMR,MYA,True,Naypyidaw,Asia,South-Eastern Asia,{'mya': 'Burmese'},22.0,98.0,Burmese,False,"['BGD', 'CHN', 'IND', 'LAO', 'THA']",676578.0,ğŸ‡²ğŸ‡²,5
85,1051,Namibia,2018,4.83,9.16,0.86,56.5,0.75,-0.18,0.85,0.74,0.24,0.62,2.1,0.43,NAM,False,False,False,False,False,False,True,False,False,False,False,False,False,True,Africa,Sub-Saharan Africa,Namibia,Republic of Namibia,.na,NA,516,NAM,NAM,True,Windhoek,Africa,Southern Africa,"{'afr': 'Afrikaans', 'deu': 'German', 'eng': 'English', 'her': 'Herero', 'hgm': 'Khoekhoe', 'kwn': 'Kwangali', 'loz': 'Lozi', 'ndo': 'Ndonga', 'tsn': 'Tswana'}",-22.0,17.0,Namibian,False,"['AGO', 'BWA', 'ZAF', 'ZMB']",825615.0,ğŸ‡³ğŸ‡¦,4
86,1064,Nepal,2018,4.91,7.85,0.77,63.5,0.77,0.13,0.74,0.54,0.39,0.65,3.04,0.62,NPL,False,False,False,False,False,False,False,False,False,False,False,False,False,True,Asia,South Asia,Nepal,Federal Democratic Republic of Nepal,.np,NP,524,NPL,NEP,True,Kathmandu,Asia,Southern Asia,{'nep': 'Nepali'},28.0,84.0,Nepalese,True,"['CHN', 'IND']",147181.0,ğŸ‡³ğŸ‡µ,2
87,1076,Netherlands,2018,7.46,10.81,0.94,72.3,0.92,0.16,0.37,0.86,0.2,0.66,1.23,0.17,NLD,True,False,True,True,True,True,False,False,False,False,False,False,False,True,Europe,"Western, Central, and Eastern Europe",Netherlands,Kingdom of the Netherlands,.nl,NL,528,NLD,NED,True,Amsterdam,Europe,Western Europe,{'nld': 'Dutch'},52.5,5.75,Dutch,False,"['BEL', 'DEU']",41850.0,ğŸ‡³ğŸ‡±,2
88,1088,New Zealand,2018,7.37,10.5,0.95,73.2,0.95,0.12,0.21,0.85,0.17,0.64,1.57,0.21,NZL,True,False,False,False,False,False,False,False,True,False,False,False,False,True,Oceania,Australia and Oceania,New Zealand,New Zealand,.nz,NZ,554,NZL,NZL,True,Wellington,Oceania,Australia and New Zealand,"{'eng': 'English', 'mri': 'MÄori', 'nzs': 'New Zealand Sign Language'}",-41.0,174.0,New Zealander,False,[],270467.0,ğŸ‡³ğŸ‡¿,0
89,1101,Nicaragua,2018,5.82,8.61,0.85,67.5,0.8,0.0,0.71,0.79,0.41,0.34,2.71,0.47,NIC,False,False,False,False,False,False,False,False,False,False,False,False,False,True,North America,Latin America and the Caribbean,Nicaragua,Republic of Nicaragua,.ni,NI,558,NIC,NCA,True,Managua,Americas,Central America,{'spa': 'Spanish'},13.0,-85.0,Nicaraguan,False,"['CRI', 'HND']",130373.0,ğŸ‡³ğŸ‡®,2
90,1114,Niger,2018,5.16,6.84,0.61,53.5,0.79,0.02,0.64,0.77,0.5,0.75,3.57,0.69,NER,False,False,False,False,False,False,True,False,False,False,False,False,False,True,Africa,Sub-Saharan Africa,Niger,Republic of Niger,.ne,NE,562,NER,NIG,True,Niamey,Africa,Western Africa,{'fra': 'French'},16.0,8.0,Nigerien,True,"['DZA', 'BEN', 'BFA', 'TCD', 'LBY', 'MLI', 'NGA']",1267000.0,ğŸ‡³ğŸ‡ª,7
91,1125,Nigeria,2018,5.25,8.58,0.74,49.7,0.79,-0.02,0.87,0.81,0.26,0.45,2.64,0.5,NGA,False,False,False,False,False,False,True,False,False,False,False,False,False,True,Africa,Sub-Saharan Africa,Nigeria,Federal Republic of Nigeria,.ng,NG,566,NGA,NGR,True,Abuja,Africa,Western Africa,{'eng': 'English'},10.0,8.0,Nigerian,False,"['BEN', 'CMR', 'TCD', 'NER']",923768.0,ğŸ‡³ğŸ‡¬,4
92,1139,Norway,2018,7.44,11.09,0.97,73.2,0.96,0.08,0.27,0.83,0.21,0.68,1.52,0.2,NOR,True,False,True,False,False,False,False,False,False,False,False,True,False,True,Europe,"Western, Central, and Eastern Europe",Norway,Kingdom of Norway,.no,NO,578,NOR,NOR,True,Oslo,Europe,Northern Europe,"{'nno': 'Norwegian Nynorsk', 'nob': 'Norwegian BokmÃ¥l', 'smi': 'Sami'}",62.0,10.0,Norwegian,False,"['FIN', 'SWE', 'RUS']",323802.0,ğŸ‡³ğŸ‡´,3
93,1153,Pakistan,2018,5.47,8.56,0.69,58.5,0.77,0.05,0.8,0.57,0.38,0.59,2.36,0.43,PAK,False,False,False,False,False,False,False,False,False,False,False,False,False,True,Asia,South Asia,Pakistan,Islamic Republic of Pakistan,.pk,PK,586,PAK,PAK,True,Islamabad,Asia,Southern Asia,"{'eng': 'English', 'urd': 'Urdu'}",30.0,70.0,Pakistani,False,"['AFG', 'CHN', 'IND', 'IRN']",881912.0,ğŸ‡µğŸ‡°,4
94,1166,Palestinian Territories,2018,4.55,,0.82,,0.65,,0.81,0.61,0.42,0.39,2.58,0.57,PSE,False,False,False,False,False,False,False,False,False,False,False,False,False,False,Asia,Middle East and North Africa,Palestine,State of Palestine,.ps,PS,275,PSE,PLE,False,Ramallah,Asia,Western Asia,{'ara': 'Arabic'},31.9,35.2,Palestinian,False,"['ISR', 'EGY', 'JOR']",6220.0,ğŸ‡µğŸ‡¸,3
95,1179,Panama,2018,6.28,10.05,0.9,69.6,0.86,-0.12,0.84,0.88,0.22,0.28,2.53,0.4,PAN,False,False,False,False,False,False,False,False,False,False,False,False,False,True,North America,Latin America and the Caribbean,Panama,Republic of Panama,.pa,PA,591,PAN,PAN,True,Panama City,Americas,Central America,{'spa': 'Spanish'},9.0,-80.0,Panamanian,False,"['COL', 'CRI']",75417.0,ğŸ‡µğŸ‡¦,2
96,1204,Peru,2018,5.68,9.43,0.85,68.1,0.83,-0.19,0.91,0.81,0.38,0.2,2.69,0.47,PER,False,False,False,False,False,False,False,True,True,False,False,False,False,True,South America,Latin America and the Caribbean,Peru,Republic of Peru,.pe,PE,604,PER,PER,True,Lima,Americas,South America,"{'aym': 'Aymara', 'que': 'Quechua', 'spa': 'Spanish'}",-10.0,-76.0,Peruvian,False,"['BOL', 'BRA', 'CHL', 'COL', 'ECU']",1285216.0,ğŸ‡µğŸ‡ª,5
97,1217,Philippines,2018,5.87,8.99,0.85,61.9,0.92,-0.11,0.73,0.77,0.39,0.8,2.7,0.46,PHL,False,False,False,False,False,False,False,False,True,False,False,False,False,True,Asia,Southeast Asia,Philippines,Republic of the Philippines,.ph,PH,608,PHL,PHI,True,Manila,Asia,South-Eastern Asia,"{'eng': 'English', 'fil': 'Filipino'}",13.0,122.0,Filipino,False,[],342353.0,ğŸ‡µğŸ‡­,0
98,1239,Portugal,2018,5.92,10.26,0.89,72.4,0.88,-0.26,0.88,0.68,0.32,0.52,2.17,0.37,PRT,True,False,True,True,True,True,False,False,False,False,False,False,False,True,Europe,"Western, Central, and Eastern Europe",Portugal,Portuguese Republic,.pt,PT,620,PRT,POR,True,Lisbon,Europe,Southern Europe,{'por': 'Portuguese'},39.5,-8.0,Portuguese,False,['ESP'],92090.0,ğŸ‡µğŸ‡¹,1
99,1256,Romania,2018,6.15,10.11,0.82,67.2,0.85,-0.22,0.92,0.74,0.3,0.23,2.2,0.36,ROU,False,False,True,True,False,False,False,False,False,True,False,False,False,True,Europe,"Western, Central, and Eastern Europe",Romania,Romania,.ro,RO,642,ROU,ROU,True,Bucharest,Europe,Eastern Europe,{'ron': 'Romanian'},46.0,25.0,Romanian,False,"['BGR', 'HUN', 'MDA', 'SRB', 'UKR']",238391.0,ğŸ‡·ğŸ‡´,5
100,1269,Russia,2018,5.51,10.13,0.91,64.3,0.73,-0.16,0.87,0.67,0.2,0.46,2.18,0.4,RUS,False,True,False,False,False,False,False,False,True,True,False,False,False,True,Europe,"Western, Central, and Eastern Europe",Russia,Russian Federation,.ru,RU,643,RUS,RUS,True,Moscow,Europe,Eastern Europe,{'rus': 'Russian'},60.0,100.0,Russian,False,"['AZE', 'BLR', 'CHN', 'EST', 'FIN', 'GEO', 'KAZ', 'PRK', 'LVA', 'LTU', 'MNG', 'NOR', 'POL', 'UKR']",17098242.0,ğŸ‡·ğŸ‡º,14
101,1280,Rwanda,2018,3.56,7.57,0.62,61.1,0.92,0.06,0.16,0.79,0.31,0.99,2.33,0.65,RWA,False,False,False,False,False,False,True,False,False,False,False,False,False,True,Africa,Sub-Saharan Africa,Rwanda,Republic of Rwanda,.rw,RW,646,RWA,RWA,True,Kigali,Africa,Eastern Africa,"{'eng': 'English', 'fra': 'French', 'kin': 'Kinyarwanda'}",-2.0,30.0,Rwandan,True,"['BDI', 'COD', 'TZA', 'UGA']",26338.0,ğŸ‡·ğŸ‡¼,4
102,1293,Saudi Arabia,2018,6.36,10.8,0.87,66.3,0.85,-0.21,,0.76,0.29,,2.32,0.37,SAU,False,False,False,False,False,False,False,False,False,False,False,False,False,True,Asia,Middle East and North Africa,Saudi Arabia,Kingdom of Saudi Arabia,.sa,SA,682,SAU,KSA,True,Riyadh,Asia,Western Asia,{'ara': 'Arabic'},25.0,45.0,Saudi Arabian,False,"['IRQ', 'JOR', 'KWT', 'OMN', 'QAT', 'ARE', 'YEM']",2149690.0,ğŸ‡¸ğŸ‡¦,7
103,1306,Senegal,2018,4.77,7.85,0.74,59.6,0.63,-0.06,0.8,0.71,0.25,0.59,1.96,0.41,SEN,False,False,False,False,False,False,True,False,False,False,False,False,False,True,Africa,Sub-Saharan Africa,Senegal,Republic of Senegal,.sn,SN,686,SEN,SEN,True,Dakar,Africa,Western Africa,{'fra': 'French'},14.0,-14.0,Senegalese,False,"['GMB', 'GIN', 'GNB', 'MLI', 'MRT']",196722.0,ğŸ‡¸ğŸ‡³,5
104,1317,Serbia,2018,5.94,9.58,0.85,68.2,0.74,-0.1,0.86,0.56,0.3,0.48,2.25,0.38,SRB,False,False,False,False,False,False,False,False,False,False,False,False,False,False,Europe,"Western, Central, and Eastern Europe",Serbia,Republic of Serbia,.rs,RS,688,SRB,SRB,True,Belgrade,Europe,Southern Europe,{'srp': 'Serbian'},44.0,21.0,Serbian,True,"['BIH', 'BGR', 'HRV', 'HUN', 'UNK', 'MKD', 'MNE', 'ROU']",88361.0,ğŸ‡·ğŸ‡¸,8
105,1328,Sierra Leone,2018,4.31,7.27,0.65,50.8,0.72,0.1,0.86,0.55,0.47,0.78,3.05,0.71,SLE,False,False,False,False,False,False,True,False,False,False,False,False,False,True,Africa,Sub-Saharan Africa,Sierra Leone,Republic of Sierra Leone,.sl,SL,694,SLE,SLE,True,Freetown,Africa,Western Africa,{'eng': 'English'},8.5,-11.5,Sierra Leonean,False,"['GIN', 'LBR']",71740.0,ğŸ‡¸ğŸ‡±,2
106,1340,Singapore,2018,6.37,,0.9,76.8,0.92,,0.1,0.79,0.11,0.89,1.58,0.25,SGP,False,False,False,False,False,False,False,False,True,False,False,False,False,True,Asia,Southeast Asia,Singapore,Republic of Singapore,.sg,SG,702,SGP,SIN,True,Singapore,Asia,South-Eastern Asia,"{'zho': 'Chinese', 'eng': 'English', 'msa': 'Malay', 'tam': 'Tamil'}",1.36666666,103.8,Singaporean,False,[],710.0,ğŸ‡¸ğŸ‡¬,0
107,1350,Slovakia,2018,6.24,10.35,0.92,68.9,0.76,-0.18,0.91,0.75,0.25,0.33,1.78,0.28,SVK,True,False,True,True,True,True,False,False,False,False,False,False,False,True,Europe,"Western, Central, and Eastern Europe",Slovakia,Slovak Republic,.sk,SK,703,SVK,SVK,True,Bratislava,Europe,Central Europe,{'slk': 'Slovak'},48.66666666,19.5,Slovak,True,"['AUT', 'CZE', 'HUN', 'POL', 'UKR']",49037.0,ğŸ‡¸ğŸ‡°,5
108,1361,Slovenia,2018,6.25,10.4,0.94,71.1,0.94,-0.12,0.84,0.64,0.28,0.24,1.95,0.31,SVN,True,False,True,True,True,True,False,False,False,False,False,False,False,True,Europe,"Western, Central, and Eastern Europe",Slovenia,Republic of Slovenia,.si,SI,705,SVN,SLO,True,Ljubljana,Europe,Southern Europe,{'slv': 'Slovene'},46.11666666,14.81666666,Slovene,False,"['AUT', 'HRV', 'ITA', 'HUN']",20273.0,ğŸ‡¸ğŸ‡®,4
109,1381,South Africa,2018,4.88,9.41,0.84,56.5,0.75,-0.06,0.84,0.81,0.28,0.52,2.71,0.56,ZAF,False,False,False,False,False,False,True,False,False,False,False,False,False,True,Africa,Sub-Saharan Africa,South Africa,Republic of South Africa,.za,ZA,710,ZAF,RSA,True,Pretoria,Africa,Southern Africa,"{'afr': 'Afrikaans', 'eng': 'English', 'nbl': 'Southern Ndebele', 'nso': 'Northern Sotho', 'sot': 'Southern Sotho', 'ssw': 'Swazi', 'tsn': 'Tswana', 'tso': 'Tsonga', 'ven': 'Venda', 'xho': 'Xhosa', 'zul': 'Zulu'}",-29.0,24.0,South African,False,"['BWA', 'LSO', 'MOZ', 'NAM', 'SWZ', 'ZWE']",1221037.0,ğŸ‡¿ğŸ‡¦,6
110,1394,South Korea,2018,5.84,10.51,0.8,73.6,0.6,-0.09,0.8,0.66,0.22,0.39,2.04,0.35,KOR,True,False,False,False,False,False,False,False,True,False,False,False,False,True,Asia,East Asia,South Korea,Republic of Korea,.kr,KR,410,KOR,KOR,True,Seoul,Asia,Eastern Asia,{'kor': 'Korean'},37.0,127.5,South Korean,False,['PRK'],100210.0,ğŸ‡°ğŸ‡·,1
111,1411,Spain,2018,6.51,10.47,0.91,74.4,0.72,-0.08,0.78,0.66,0.36,0.29,1.67,0.26,ESP,True,False,True,True,True,True,False,False,False,False,False,False,False,True,Europe,"Western, Central, and Eastern Europe",Spain,Kingdom of Spain,.es,ES,724,ESP,ESP,True,Madrid,Europe,Southern Europe,{'spa': 'Spanish'},40.0,-4.0,Spanish,False,"['AND', 'FRA', 'GIB', 'PRT', 'MAR']",505992.0,ğŸ‡ªğŸ‡¸,5
112,1423,Sri Lanka,2018,4.4,9.4,0.83,67.2,0.85,0.09,0.86,0.83,0.3,0.58,2.36,0.54,LKA,False,False,False,False,False,False,False,False,False,False,False,False,False,True,Asia,South Asia,Sri Lanka,Democratic Socialist Republic of Sri Lanka,.lk,LK,144,LKA,SRI,True,Colombo,Asia,Southern Asia,"{'sin': 'Sinhala', 'tam': 'Tamil'}",7.0,81.0,Sri Lankan,False,['IND'],65610.0,ğŸ‡±ğŸ‡°,1
113,1431,Swaziland,2018,4.21,8.95,0.78,,0.71,-0.18,0.69,0.82,0.25,0.69,2.43,0.58,SWZ,False,False,False,False,False,False,True,False,False,False,False,False,False,False,Africa,Sub-Saharan Africa,Eswatini,Kingdom of Eswatini,.sz,SZ,748,SWZ,SWZ,True,Lobamba,Africa,Southern Africa,"{'eng': 'English', 'ssw': 'Swazi'}",-26.5,31.5,Swazi,True,"['MOZ', 'ZAF']",17364.0,ğŸ‡¸ğŸ‡¿,2
114,1444,Sweden,2018,7.37,10.77,0.93,72.6,0.94,0.07,0.26,0.82,0.16,0.49,1.6,0.22,SWE,True,False,False,True,True,False,False,False,False,False,False,False,False,True,Europe,"Western, Central, and Eastern Europe",Sweden,Kingdom of Sweden,.se,SE,752,SWE,SWE,True,Stockholm,Europe,Northern Europe,{'swe': 'Swedish'},62.0,15.0,Swedish,False,"['FIN', 'NOR']",450295.0,ğŸ‡¸ğŸ‡ª,2
115,1452,Switzerland,2018,7.51,10.98,0.93,74.1,0.93,0.1,0.3,0.79,0.19,0.85,1.64,0.22,CHE,True,False,False,False,False,False,False,False,False,False,False,True,False,True,Europe,"Western, Central, and Eastern Europe",Switzerland,Swiss Confederation,.ch,CH,756,CHE,SUI,True,Bern,Europe,Western Europe,"{'fra': 'French', 'gsw': 'Swiss German', 'ita': 'Italian', 'roh': 'Romansh'}",47.0,8.0,Swiss,True,"['AUT', 'FRA', 'ITA', 'LIE', 'DEU']",41284.0,ğŸ‡¨ğŸ‡­,5
116,1470,Taiwan Province of China,2018,6.47,,0.9,,0.74,,0.74,0.85,0.09,0.31,1.69,0.26,TWN,False,False,False,False,False,False,False,False,True,False,False,False,False,True,Asia,East Asia,Taiwan,Republic of China (Taiwan),.tw,TW,158,TWN,TPE,False,Taipei,Asia,Eastern Asia,{'zho': 'Chinese'},23.5,121.0,Taiwanese,False,[],36193.0,ğŸ‡¹ğŸ‡¼,0
117,1495,Tanzania,2018,3.45,7.93,0.68,57.5,0.81,0.14,0.61,0.76,0.22,0.91,2.67,0.77,TZA,False,False,False,False,False,False,True,False,False,False,False,False,False,True,Africa,Sub-Saharan Africa,Tanzania,United Republic of Tanzania,.tz,TZ,834,TZA,TAN,True,Dodoma,Africa,Eastern Africa,"{'eng': 'English', 'swa': 'Swahili'}",-6.0,35.0,Tanzanian,False,"['BDI', 'COD', 'KEN', 'MWI', 'MOZ', 'RWA', 'UGA', 'ZMB']",945087.0,ğŸ‡¹ğŸ‡¿,8
118,1508,Thailand,2018,6.01,9.73,0.87,67.2,0.9,0.25,0.91,0.84,0.2,0.61,2.11,0.35,THA,False,False,False,False,False,False,False,False,True,False,False,False,False,True,Asia,Southeast Asia,Thailand,Kingdom of Thailand,.th,TH,764,THA,THA,True,Bangkok,Asia,South-Eastern Asia,{'tha': 'Thai'},15.0,100.0,Thai,False,"['MMR', 'KHM', 'LAO', 'MYS']",513120.0,ğŸ‡¹ğŸ‡­,4
119,1516,Togo,2018,4.02,7.29,0.6,54.7,0.61,-0.01,0.81,0.61,0.45,0.32,2.11,0.52,TGO,False,False,False,False,False,False,True,False,False,False,False,False,False,True,Africa,Sub-Saharan Africa,Togo,Togolese Republic,.tg,TG,768,TGO,TOG,True,LomÃ©,Africa,Western Africa,{'fra': 'French'},8.0,1.16666666,Togolese,False,"['BEN', 'BFA', 'GHA']",56785.0,ğŸ‡¹ğŸ‡¬,3
120,1531,Tunisia,2018,4.74,9.3,0.73,66.9,0.65,-0.2,0.84,0.59,0.37,0.35,2.18,0.46,TUN,False,False,False,False,False,False,False,False,False,False,False,False,False,True,Africa,Middle East and North Africa,Tunisia,Tunisian Republic,.tn,TN,788,TUN,TUN,True,Tunis,Africa,Northern Africa,{'ara': 'Arabic'},34.0,9.0,Tunisian,False,"['DZA', 'LBY']",163610.0,ğŸ‡¹ğŸ‡³,2
121,1544,Turkey,2018,5.19,10.15,0.85,66.8,0.53,-0.18,0.8,0.43,0.35,0.51,2.15,0.41,TUR,True,False,True,False,False,False,False,False,False,True,False,False,False,True,Europe,"Western, Central, and Eastern Europe",Turkey,Republic of Turkey,.tr,TR,792,TUR,TUR,True,Ankara,Asia,Western Asia,{'tur': 'Turkish'},39.0,35.0,Turkish,False,"['ARM', 'AZE', 'BGR', 'GEO', 'GRC', 'IRN', 'IRQ', 'SYR']",783562.0,ğŸ‡¹ğŸ‡·,8
122,1553,Turkmenistan,2018,4.62,9.75,0.98,62.2,0.86,0.24,,0.61,0.19,,1.2,0.26,TKM,False,True,False,False,False,False,False,False,False,False,False,False,False,False,Europe,"Western, Central, and Eastern Europe",Turkmenistan,Turkmenistan,.tm,TM,795,TKM,TKM,True,Ashgabat,Asia,Central Asia,"{'rus': 'Russian', 'tuk': 'Turkmen'}",40.0,60.0,Turkmen,True,"['AFG', 'IRN', 'KAZ', 'UZB']",488100.0,ğŸ‡¹ğŸ‡²,4
123,1566,Uganda,2018,4.32,7.46,0.74,55.7,0.73,0.09,0.86,0.69,0.39,0.5,3.03,0.7,UGA,False,False,False,False,False,False,True,False,False,False,False,False,False,True,Africa,Sub-Saharan Africa,Uganda,Republic of Uganda,.ug,UG,800,UGA,UGA,True,Kampala,Africa,Eastern Africa,"{'eng': 'English', 'swa': 'Swahili'}",1.0,32.0,Ugandan,True,"['COD', 'KEN', 'RWA', 'SSD', 'TZA']",241550.0,ğŸ‡ºğŸ‡¬,5
124,1579,Ukraine,2018,4.66,9.01,0.9,64.6,0.66,-0.06,0.94,0.61,0.22,0.08,2.11,0.45,UKR,False,True,False,False,False,False,False,False,False,True,False,False,False,True,Europe,"Western, Central, and Eastern Europe",Ukraine,Ukraine,.ua,UA,804,UKR,UKR,True,Kyiv,Europe,Eastern Europe,{'ukr': 'Ukrainian'},49.0,32.0,Ukrainian,False,"['BLR', 'HUN', 'MDA', 'POL', 'ROU', 'RUS', 'SVK']",603500.0,ğŸ‡ºğŸ‡¦,7
125,1590,United Arab Emirates,2018,6.6,11.13,0.85,67.1,0.94,0.04,,0.79,0.3,,2.21,0.34,ARE,False,False,False,False,False,False,False,False,False,False,False,False,False,True,Asia,Middle East and North Africa,United Arab Emirates,United Arab Emirates,.ae,AE,784,ARE,UAE,True,Abu Dhabi,Asia,Western Asia,{'ara': 'Arabic'},24.0,54.0,Emirati,False,"['OMN', 'SAU']",83600.0,ğŸ‡¦ğŸ‡ª,2
126,1603,United Kingdom,2018,7.23,10.6,0.93,72.3,0.84,0.22,0.4,0.78,0.23,0.42,1.7,0.23,GBR,True,False,True,True,False,False,False,False,False,False,False,False,False,True,Europe,"Western, Central, and Eastern Europe",United Kingdom,United Kingdom of Great Britain and Northern Ireland,.uk,GB,826,GBR,GBR,True,London,Europe,Northern Europe,{'eng': 'English'},54.0,-2.0,British,False,['IRL'],242900.0,ğŸ‡¬ğŸ‡§,1
127,1616,United States,2018,6.88,10.92,0.9,68.3,0.82,0.11,0.71,0.82,0.29,0.31,2.12,0.31,USA,True,False,True,False,False,False,False,False,True,False,False,False,True,True,North America,Latin America and the Caribbean,United States,United States of America,.us,US,840,USA,USA,True,Washington D.C.,Americas,North America,{'eng': 'English'},38.0,-97.0,American,False,"['CAN', 'MEX']",9372610.0,ğŸ‡ºğŸ‡¸,2
128,1629,Uruguay,2018,6.37,9.96,0.92,69.0,0.88,-0.11,0.68,0.88,0.27,0.36,2.22,0.35,URY,False,False,False,False,False,False,False,False,False,False,False,False,False,True,South America,Latin America and the Caribbean,Uruguay,Oriental Republic of Uruguay,.uy,UY,858,URY,URU,True,Montevideo,Americas,South America,{'spa': 'Spanish'},-33.0,-56.0,Uruguayan,False,"['ARG', 'BRA']",181034.0,ğŸ‡ºğŸ‡¾,2
129,1641,Uzbekistan,2018,6.21,8.77,0.92,65.1,0.97,0.31,0.52,0.83,0.21,0.97,2.43,0.39,UZB,False,True,False,False,False,False,False,False,False,False,False,False,False,False,Europe,"Western, Central, and Eastern Europe",Uzbekistan,Republic of Uzbekistan,.uz,UZ,860,UZB,UZB,True,Tashkent,Asia,Central Asia,"{'rus': 'Russian', 'uzb': 'Uzbek'}",41.0,64.0,Uzbekistani,True,"['AFG', 'KAZ', 'KGZ', 'TJK', 'TKM']",447400.0,ğŸ‡ºğŸ‡¿,5
130,1654,Venezuela,2018,5.01,9.27,0.89,66.5,0.61,-0.18,0.83,0.76,0.37,0.26,2.89,0.58,VEN,False,False,False,False,False,False,False,True,False,False,False,False,False,True,South America,Latin America and the Caribbean,Venezuela,Bolivarian Republic of Venezuela,.ve,VE,862,VEN,VEN,True,Caracas,Americas,South America,{'spa': 'Spanish'},8.0,-66.0,Venezuelan,False,"['BRA', 'COL', 'GUY']",916445.0,ğŸ‡»ğŸ‡ª,3
131,1667,Vietnam,2018,5.3,8.78,0.83,67.9,0.91,-0.04,0.81,0.69,0.19,,1.68,0.32,VNM,False,False,False,False,False,False,False,False,True,False,False,False,False,True,Asia,Southeast Asia,Vietnam,Socialist Republic of Vietnam,.vn,VN,704,VNM,VIE,True,Hanoi,Asia,South-Eastern Asia,{'vie': 'Vietnamese'},16.16666666,107.83333333,Vietnamese,False,"['KHM', 'CHN', 'LAO']",331212.0,ğŸ‡»ğŸ‡³,3
132,1678,Yemen,2018,3.06,,0.79,56.7,0.55,,0.79,0.46,0.31,0.31,2.4,0.79,YEM,False,False,False,False,False,False,False,False,False,False,False,False,False,False,Asia,Middle East and North Africa,Yemen,Republic of Yemen,.ye,YE,887,YEM,YEM,True,Sana'a,Asia,Western Asia,{'ara': 'Arabic'},15.0,48.0,Yemeni,False,"['OMN', 'SAU']",527968.0,ğŸ‡¾ğŸ‡ª,2
133,1690,Zambia,2018,4.04,8.22,0.72,55.3,0.79,0.04,0.81,0.7,0.35,0.61,2.78,0.69,ZMB,False,False,False,False,False,False,True,False,False,False,False,False,False,False,Africa,Sub-Saharan Africa,Zambia,Republic of Zambia,.zm,ZM,894,ZMB,ZAM,True,Lusaka,Africa,Eastern Africa,{'eng': 'English'},-15.0,30.0,Zambian,True,"['AGO', 'BWA', 'COD', 'MWI', 'MOZ', 'NAM', 'TZA', 'ZWE']",752612.0,ğŸ‡¿ğŸ‡²,8
134,1703,Zimbabwe,2018,3.62,7.55,0.78,55.6,0.76,-0.04,0.84,0.71,0.21,0.55,2.5,0.69,ZWE,False,False,False,False,False,False,True,False,False,False,False,False,False,False,Africa,Sub-Saharan Africa,Zimbabwe,Republic of Zimbabwe,.zw,ZW,716,ZWE,ZIM,True,Harare,Africa,Eastern Africa,"{'bwg': 'Chibarwe', 'eng': 'English', 'kck': 'Kalanga', 'khi': 'Khoisan', 'ndc': 'Ndau', 'nde': 'Northern Ndebele', 'nya': 'Chewa', 'sna': 'Shona', 'sot': 'Sotho', 'toi': 'Tonga', 'tsn': 'Tswana', 'tso': 'Tsonga', 'ven': 'Venda', 'xho': 'Xhosa', 'zib': 'Zimbabwean Sign Language'}",-20.0,30.0,Zimbabwean,True,"['BWA', 'MOZ', 'ZAF', 'ZMB']",390757.0,ğŸ‡¿ğŸ‡¼,4
