,country,year,rank,ladder,log_gdp_per_capita,social_support,healthy_life_expectancy,freedom,generosity,corruption,positive_affect,negative_affect,well_being_inequality_1,changes_happiness,iso_code,common_name,official_name,tld,cca2,ccn3,cca3,cioc,independent,capital,region,subregion,official_languages,latitude,longitude,demonym,landlocked,borders,area_sqkm,flag_emoji,nb_borders
0,Afghanistan,2017,147,2.66,7.5,0.49,52.8,0.43,-0.11,0.95,0.5,0.37,1.45,-0.52,AFG,Afghanistan,Islamic Republic of Afghanistan,.af,AF,4.0,AFG,AFG,True,Kabul,Asia,Southern Asia,"{'prs': 'Dari', 'pus': 'Pashto', 'tuk': 'Turkmen'}",33.0,65.0,Afghan,True,"['IRN', 'PAK', 'TKM', 'UZB', 'TJK', 'CHN']",652230.0,ğŸ‡¦ğŸ‡«,6
1,Albania,2017,108,4.64,9.38,0.64,68.4,0.75,-0.03,0.88,0.67,0.33,2.68,0.084,ALB,Albania,Republic of Albania,.al,AL,8.0,ALB,ALB,True,Tirana,Europe,Southern Europe,{'sqi': 'Albanian'},41.0,20.0,Albanian,False,"['MNE', 'GRC', 'MKD', 'UNK']",28748.0,ğŸ‡¦ğŸ‡±,4
2,Algeria,2017,82,5.25,9.54,0.81,65.7,0.44,-0.19,0.7,0.64,0.29,2.04,0.0,DZA,Algeria,People's Democratic Republic of Algeria,.dz,DZ,12.0,DZA,ALG,True,Algiers,Africa,Northern Africa,{'ara': 'Arabic'},28.0,3.0,Algerian,False,"['TUN', 'LBY', 'NER', 'ESH', 'MRT', 'MLI', 'MAR']",2381741.0,ğŸ‡©ğŸ‡¿,7
3,Argentina,2017,51,6.04,9.85,0.91,68.6,0.83,-0.18,0.84,0.81,0.29,2.41,-0.029,ARG,Argentina,Argentine Republic,.ar,AR,32.0,ARG,ARG,True,Buenos Aires,Americas,South America,"{'grn': 'GuaranÃ­', 'spa': 'Spanish'}",-34.0,-64.0,Argentine,False,"['BOL', 'BRA', 'CHL', 'PRY', 'URY']",2780400.0,ğŸ‡¦ğŸ‡·,5
4,Armenia,2017,125,4.29,9.08,0.7,66.6,0.61,-0.13,0.86,0.63,0.44,2.33,-0.048,ARM,Armenia,Republic of Armenia,.am,AM,51.0,ARM,ARM,True,Yerevan,Asia,Western Asia,{'hye': 'Armenian'},40.0,45.0,Armenian,True,"['AZE', 'GEO', 'IRN', 'TUR']",29743.0,ğŸ‡¦ğŸ‡²,4
5,Australia,2017,12,7.26,10.71,0.95,73.3,0.91,0.31,0.41,0.78,0.23,1.75,-0.065,AUS,Australia,Commonwealth of Australia,.au,AU,36.0,AUS,AUS,True,Canberra,Oceania,Australia and New Zealand,{'eng': 'English'},-27.0,133.0,Australian,False,[],7692024.0,ğŸ‡¦ğŸ‡º,0
6,Austria,2017,10,7.29,10.72,0.91,72.7,0.89,0.13,0.52,0.75,0.18,1.56,0.094,AUT,Austria,Republic of Austria,.at,AT,40.0,AUT,AUT,True,Vienna,Europe,Western Europe,{'bar': 'Austro-Bavarian German'},47.33333333,13.33333333,Austrian,True,"['CZE', 'DEU', 'HUN', 'ITA', 'LIE', 'SVK', 'SVN', 'CHE']",83871.0,ğŸ‡¦ğŸ‡¹,8
7,Azerbaijan,2017,86,5.15,9.67,0.79,65.2,0.73,-0.25,0.65,0.59,0.2,1.67,0.502,AZE,Azerbaijan,Republic of Azerbaijan,.az,AZ,31.0,AZE,AZE,True,Baku,Asia,Western Asia,"{'aze': 'Azerbaijani', 'rus': 'Russian'}",40.5,47.5,Azerbaijani,True,"['ARM', 'GEO', 'IRN', 'RUS', 'TUR']",86600.0,ğŸ‡¦ğŸ‡¿,5
8,Bangladesh,2017,124,4.31,8.17,0.71,63.8,0.9,0.02,0.64,0.57,0.21,1.87,-0.195,BGD,Bangladesh,People's Republic of Bangladesh,.bd,BD,50.0,BGD,BAN,True,Dhaka,Asia,Southern Asia,{'ben': 'Bengali'},24.0,90.0,Bangladeshi,False,"['MMR', 'IND']",147570.0,ğŸ‡§ğŸ‡©,2
9,Belarus,2017,74,5.55,9.75,0.9,65.8,0.62,-0.13,0.65,0.54,0.23,1.66,-0.257,BLR,Belarus,Republic of Belarus,.by,BY,112.0,BLR,BLR,True,Minsk,Europe,Eastern Europe,"{'bel': 'Belarusian', 'rus': 'Russian'}",53.0,28.0,Belarusian,True,"['LVA', 'LTU', 'POL', 'RUS', 'UKR']",207600.0,ğŸ‡§ğŸ‡¾,5
10,Belgium,2017,20,6.93,10.66,0.92,71.8,0.86,0.05,0.54,0.79,0.23,1.51,-0.276,BEL,Belgium,Kingdom of Belgium,.be,BE,56.0,BEL,BEL,True,Brussels,Europe,Western Europe,"{'deu': 'German', 'fra': 'French', 'nld': 'Dutch'}",50.83333333,4.0,Belgian,False,"['FRA', 'DEU', 'LUX', 'NLD']",30528.0,ğŸ‡§ğŸ‡ª,4
11,Benin,2017,99,4.85,7.63,0.44,53.9,0.73,-0.04,0.77,0.61,0.46,3.0,1.39,BEN,Benin,Republic of Benin,.bj,BJ,204.0,BEN,BEN,True,Porto-Novo,Africa,Western Africa,{'fra': 'French'},9.5,2.25,Beninese,False,"['BFA', 'NER', 'NGA', 'TGO']",112622.0,ğŸ‡§ğŸ‡¯,4
12,Bolivia,2017,67,5.65,8.84,0.78,63.3,0.88,-0.12,0.82,0.7,0.43,2.25,0.34600000000000003,BOL,Bolivia,Plurinational State of Bolivia,.bo,BO,68.0,BOL,BOL,True,Sucre,Americas,South America,"{'aym': 'Aymara', 'grn': 'GuaranÃ­', 'que': 'Quechua', 'spa': 'Spanish'}",-17.0,-65.0,Bolivian,True,"['ARG', 'BRA', 'CHL', 'PRY', 'PER']",1098581.0,ğŸ‡§ğŸ‡´,5
13,Bosnia and Herzegovina,2017,93,5.09,9.37,0.78,67.5,0.56,0.09,0.92,0.6,0.27,2.28,0.487,BIH,Bosnia and Herzegovina,Bosnia and Herzegovina,.ba,BA,70.0,BIH,BIH,True,Sarajevo,Europe,Southern Europe,"{'bos': 'Bosnian', 'hrv': 'Croatian', 'srp': 'Serbian'}",44.0,18.0,"Bosnian, Herzegovinian",False,"['HRV', 'MNE', 'SRB']",51209.0,ğŸ‡§ğŸ‡¦,3
14,Botswana,2017,140,3.5,9.67,0.77,58.2,0.82,-0.25,0.73,0.66,0.28,2.67,-1.606,BWA,Botswana,Republic of Botswana,.bw,BW,72.0,BWA,BOT,True,Gaborone,Africa,Southern Africa,"{'eng': 'English', 'tsn': 'Tswana'}",-22.0,24.0,Motswana,True,"['NAM', 'ZAF', 'ZMB', 'ZWE']",582000.0,ğŸ‡§ğŸ‡¼,4
15,Brazil,2017,33,6.33,9.55,0.9,66.2,0.76,-0.18,0.79,0.72,0.31,2.53,-0.25,BRA,Brazil,Federative Republic of Brazil,.br,BR,76.0,BRA,BRA,True,BrasÃ­lia,Americas,South America,{'por': 'Portuguese'},-10.0,-55.0,Brazilian,False,"['ARG', 'BOL', 'COL', 'GUF', 'GUY', 'PRY', 'PER', 'SUR', 'URY', 'VEN']",8515767.0,ğŸ‡§ğŸ‡·,10
16,Bulgaria,2017,90,5.1,9.83,0.94,66.6,0.69,-0.16,0.91,0.61,0.19,1.85,1.167,BGR,Bulgaria,Republic of Bulgaria,.bg,BG,100.0,BGR,BUL,True,Sofia,Europe,Eastern Europe,{'bul': 'Bulgarian'},43.0,25.0,Bulgarian,False,"['GRC', 'MKD', 'ROU', 'SRB', 'TUR']",110879.0,ğŸ‡§ğŸ‡¬,5
17,Burkina Faso,2017,107,4.65,7.44,0.78,53.4,0.61,-0.05,0.73,0.59,0.35,2.2,0.698,BFA,Burkina Faso,Burkina Faso,.bf,BF,854.0,BFA,BUR,True,Ouagadougou,Africa,Western Africa,{'fra': 'French'},13.0,-2.0,Burkinabe,True,"['BEN', 'CIV', 'GHA', 'MLI', 'NER', 'TGO']",272967.0,ğŸ‡§ğŸ‡«,6
18,Cambodia,2017,112,4.59,8.2,0.77,61.2,0.96,0.09,0.82,0.8,0.41,2.73,0.636,KHM,Cambodia,Kingdom of Cambodia,.kh,KH,116.0,KHM,CAM,True,Phnom Penh,Asia,South-Eastern Asia,{'khm': 'Khmer'},13.0,105.0,Cambodian,False,"['LAO', 'THA', 'VNM']",181035.0,ğŸ‡°ğŸ‡­,3
19,Cameroon,2017,94,5.07,8.12,0.69,51.9,0.77,-0.03,0.84,0.63,0.38,2.82,0.88,CMR,Cameroon,Republic of Cameroon,.cm,CM,120.0,CMR,CMR,True,YaoundÃ©,Africa,Middle Africa,"{'eng': 'English', 'fra': 'French'}",6.0,12.0,Cameroonian,False,"['CAF', 'TCD', 'COG', 'GNQ', 'GAB', 'NGA']",475442.0,ğŸ‡¨ğŸ‡²,6
20,Canada,2017,7,7.41,10.69,0.93,73.4,0.95,0.16,0.36,0.86,0.22,1.6,-0.179,CAN,Canada,Canada,.ca,CA,124.0,CAN,CAN,True,Ottawa,Americas,North America,"{'eng': 'English', 'fra': 'French'}",60.0,-95.0,Canadian,False,['USA'],9984670.0,ğŸ‡¨ğŸ‡¦,1
21,Chad,2017,113,4.56,7.48,0.66,47.7,0.61,0.0,0.79,0.63,0.54,2.88,0.275,TCD,Chad,Republic of Chad,.td,TD,148.0,TCD,CHA,True,N'Djamena,Africa,Middle Africa,"{'ara': 'Arabic', 'fra': 'French'}",15.0,19.0,Chadian,True,"['CMR', 'CAF', 'LBY', 'NER', 'NGA', 'SDN']",1284000.0,ğŸ‡¹ğŸ‡©,6
22,Chile,2017,35,6.32,10.03,0.88,69.8,0.79,-0.03,0.84,0.84,0.29,2.16,0.597,CHL,Chile,Republic of Chile,.cl,CL,152.0,CHL,CHI,True,Santiago,Americas,South America,{'spa': 'Spanish'},-30.0,-71.0,Chilean,False,"['ARG', 'BOL', 'PER']",756102.0,ğŸ‡¨ğŸ‡±,3
23,China,2017,92,5.1,9.64,0.77,69.0,0.88,-0.19,0.5,0.82,0.21,2.27,0.426,CHN,China,People's Republic of China,.cn,CN,156.0,CHN,CHN,True,Beijing,Asia,Eastern Asia,{'zho': 'Chinese'},35.0,105.0,Chinese,False,"['AFG', 'BTN', 'MMR', 'HKG', 'IND', 'KAZ', 'NPL', 'PRK', 'KGZ', 'LAO', 'MAC', 'MNG', 'PAK', 'RUS', 'TJK', 'VNM']",9706961.0,ğŸ‡¨ğŸ‡³,16
24,Colombia,2017,45,6.16,9.49,0.91,67.4,0.84,-0.16,0.88,0.84,0.3,2.54,0.014,COL,Colombia,Republic of Colombia,.co,CO,170.0,COL,COL,True,BogotÃ¡,Americas,South America,{'spa': 'Spanish'},4.0,-72.0,Colombian,False,"['BRA', 'ECU', 'PAN', 'PER', 'VEN']",1141748.0,ğŸ‡¨ğŸ‡´,5
25,Congo (Brazzaville),2017,97,4.88,8.49,0.66,57.3,0.78,-0.16,0.76,0.6,0.38,2.91,0.992,COG,Republic of the Congo,Republic of the Congo,.cg,CG,178.0,COG,CGO,True,Brazzaville,Africa,Middle Africa,"{'fra': 'French', 'kon': 'Kikongo', 'lin': 'Lingala'}",-1.0,15.0,Congolese,False,"['AGO', 'CMR', 'CAF', 'COD', 'GAB']",342000.0,ğŸ‡¨ğŸ‡¬,5
26,Costa Rica,2017,13,7.23,9.65,0.92,71.1,0.94,-0.07,0.74,0.87,0.28,2.08,0.046,CRI,Costa Rica,Republic of Costa Rica,.cr,CR,188.0,CRI,CRC,True,San JosÃ©,Americas,Central America,{'spa': 'Spanish'},10.0,-84.0,Costa Rican,False,"['NIC', 'PAN']",51100.0,ğŸ‡¨ğŸ‡·,2
27,Croatia,2017,77,5.34,10.03,0.77,69.6,0.72,-0.11,0.89,0.66,0.32,1.57,-0.389,HRV,Croatia,Republic of Croatia,.hr,HR,191.0,HRV,CRO,True,Zagreb,Europe,Southern Europe,{'hrv': 'Croatian'},45.16666666,15.5,Croatian,False,"['BIH', 'HUN', 'MNE', 'SRB', 'SVN']",56594.0,ğŸ‡­ğŸ‡·,5
28,Cyprus,2017,50,6.06,10.39,0.82,73.5,0.81,0.04,0.85,0.78,0.3,2.37,-0.192,CYP,Cyprus,Republic of Cyprus,.cy,CY,196.0,CYP,CYP,True,Nicosia,Europe,Eastern Europe,"{'ell': 'Greek', 'tur': 'Turkish'}",35.0,33.0,Cypriot,False,[],9251.0,ğŸ‡¨ğŸ‡¾,0
29,Czech Republic,2017,21,6.79,10.39,0.9,69.8,0.83,-0.18,0.87,0.74,0.23,1.7,0.381,CZE,Czechia,Czech Republic,.cz,CZ,203.0,CZE,CZE,True,Prague,Europe,Eastern Europe,"{'ces': 'Czech', 'slk': 'Slovak'}",49.75,15.5,Czech,True,"['AUT', 'DEU', 'POL', 'SVK']",78865.0,ğŸ‡¨ğŸ‡¿,4
30,Denmark,2017,2,7.59,10.75,0.95,72.1,0.96,0.15,0.18,0.82,0.21,1.67,-0.341,DNK,Denmark,Kingdom of Denmark,.dk,DK,208.0,DNK,DEN,True,Copenhagen,Europe,Northern Europe,{'dan': 'Danish'},56.0,10.0,Danish,False,['DEU'],43094.0,ğŸ‡©ğŸ‡°,1
31,Dominican Republic,2017,70,5.61,9.59,0.89,65.5,0.86,-0.12,0.76,0.74,0.27,3.24,0.422,DOM,Dominican Republic,Dominican Republic,.do,DO,214.0,DOM,DOM,True,Santo Domingo,Americas,Caribbean,{'spa': 'Spanish'},19.0,-70.66666666,Dominican,False,['HTI'],48671.0,ğŸ‡©ğŸ‡´,1
32,Ecuador,2017,60,5.84,9.27,0.85,68.2,0.88,-0.17,0.73,0.83,0.31,2.69,0.926,ECU,Ecuador,Republic of Ecuador,.ec,EC,218.0,ECU,ECU,True,Quito,Americas,South America,{'spa': 'Spanish'},-2.0,-77.5,Ecuadorean,False,"['COL', 'PER']",276841.0,ğŸ‡ªğŸ‡¨,2
33,Egypt,2017,136,3.93,9.26,0.64,61.4,0.59,-0.16,0.83,0.54,0.41,2.29,-0.936,EGY,Egypt,Arab Republic of Egypt,.eg,EG,818.0,EGY,EGY,True,Cairo,Africa,Northern Africa,{'ara': 'Arabic'},27.0,30.0,Egyptian,False,"['ISR', 'LBY', 'PSE', 'SDN']",1002450.0,ğŸ‡ªğŸ‡¬,4
34,El Salvador,2017,32,6.34,8.89,0.83,65.8,0.76,-0.17,0.78,0.85,0.27,2.48,0.8590000000000001,SLV,El Salvador,Republic of El Salvador,.sv,SV,222.0,SLV,ESA,True,San Salvador,Americas,Central America,{'spa': 'Spanish'},13.83333333,-88.91666666,Salvadoran,False,"['GTM', 'HND']",21041.0,ğŸ‡¸ğŸ‡»,2
35,Estonia,2017,54,5.94,10.29,0.94,68.4,0.86,-0.1,0.67,0.81,0.16,1.85,0.519,EST,Estonia,Republic of Estonia,.ee,EE,233.0,EST,EST,True,Tallinn,Europe,Northern Europe,{'est': 'Estonian'},59.0,26.0,Estonian,False,"['LVA', 'RUS']",45227.0,ğŸ‡ªğŸ‡ª,2
36,Ethiopia,2017,127,4.18,7.46,0.73,58.0,0.72,0.01,0.76,0.61,0.3,1.83,0.0,ETH,Ethiopia,Federal Democratic Republic of Ethiopia,.et,ET,231.0,ETH,ETH,True,Addis Ababa,Africa,Eastern Africa,{'amh': 'Amharic'},8.0,38.0,Ethiopian,True,"['DJI', 'ERI', 'KEN', 'SOM', 'SSD', 'SDN']",1104300.0,ğŸ‡ªğŸ‡¹,6
37,Finland,2017,1,7.79,10.61,0.96,71.8,0.96,-0.01,0.19,0.79,0.18,1.42,0.097,FIN,Finland,Republic of Finland,.fi,FI,246.0,FIN,FIN,True,Helsinki,Europe,Northern Europe,"{'fin': 'Finnish', 'swe': 'Swedish'}",64.0,26.0,Finnish,False,"['NOR', 'SWE', 'RUS']",338424.0,ğŸ‡«ğŸ‡®,3
38,France,2017,23,6.64,10.56,0.93,73.6,0.83,-0.13,0.6,0.76,0.24,1.63,-0.282,FRA,France,French Republic,.fr,FR,250.0,FRA,FRA,True,Paris,Europe,Western Europe,{'fra': 'French'},46.0,2.0,French,False,"['AND', 'BEL', 'DEU', 'ITA', 'LUX', 'MCO', 'ESP', 'CHE']",551695.0,ğŸ‡«ğŸ‡·,8
39,Gabon,2017,101,4.78,9.71,0.81,59.2,0.65,-0.25,0.87,0.63,0.45,2.46,0.0,GAB,Gabon,Gabonese Republic,.ga,GA,266.0,GAB,GAB,True,Libreville,Africa,Middle Africa,{'fra': 'French'},-1.0,11.75,Gabonese,False,"['CMR', 'COG', 'GNQ']",267668.0,ğŸ‡¬ğŸ‡¦,3
40,Gambia,2017,129,4.12,7.35,0.7,54.7,0.81,0.13,0.57,0.84,0.28,2.48,0.0,GMB,Gambia,Republic of the Gambia,.gm,GM,270.0,GMB,GAM,True,Banjul,Africa,Western Africa,{'eng': 'English'},13.46666666,-16.56666666,Gambian,False,['SEN'],10689.0,ğŸ‡¬ğŸ‡²,1
41,Georgia,2017,117,4.45,9.18,0.59,64.7,0.82,-0.23,0.59,0.58,0.21,1.78,0.665,GEO,Georgia,Georgia,.ge,GE,268.0,GEO,GEO,True,Tbilisi,Asia,Western Asia,{'kat': 'Georgian'},42.0,43.5,Georgian,False,"['ARM', 'AZE', 'RUS', 'TUR']",69700.0,ğŸ‡¬ğŸ‡ª,4
42,Germany,2017,15,7.07,10.72,0.89,71.9,0.84,0.14,0.41,0.74,0.2,1.44,0.469,DEU,Germany,Federal Republic of Germany,.de,DE,276.0,DEU,GER,True,Berlin,Europe,Western Europe,{'deu': 'German'},51.0,9.0,German,False,"['AUT', 'BEL', 'CZE', 'DNK', 'FRA', 'LUX', 'NLD', 'POL', 'CHE']",357114.0,ğŸ‡©ğŸ‡ª,9
43,Greece,2017,87,5.15,10.11,0.75,72.2,0.44,-0.29,0.87,0.6,0.33,2.41,-1.04,GRC,Greece,Hellenic Republic,.gr,GR,300.0,GRC,GRE,True,Athens,Europe,Southern Europe,{'ell': 'Greek'},39.0,22.0,Greek,False,"['ALB', 'BGR', 'TUR', 'MKD']",131990.0,ğŸ‡¬ğŸ‡·,4
44,Guatemala,2017,34,6.33,8.91,0.83,64.5,0.91,-0.06,0.8,0.85,0.31,2.86,0.223,GTM,Guatemala,Republic of Guatemala,.gt,GT,320.0,GTM,GUA,True,Guatemala City,Americas,Central America,{'spa': 'Spanish'},15.5,-90.25,Guatemalan,False,"['BLZ', 'SLV', 'HND', 'MEX']",108889.0,ğŸ‡¬ğŸ‡¹,4
45,Guinea,2017,98,4.87,7.6,0.63,53.3,0.74,0.05,0.75,0.7,0.42,2.97,0.0,GIN,Guinea,Republic of Guinea,.gn,GN,324.0,GIN,GUI,True,Conakry,Africa,Western Africa,{'fra': 'French'},11.0,-10.0,Guinean,False,"['CIV', 'GNB', 'LBR', 'MLI', 'SEN', 'SLE']",245857.0,ğŸ‡¬ğŸ‡³,6
46,Haiti,2017,137,3.82,7.41,0.65,55.5,0.48,0.38,0.65,0.57,0.32,2.16,-0.203,HTI,Haiti,Republic of Haiti,.ht,HT,332.0,HTI,HAI,True,Port-au-Prince,Americas,Caribbean,"{'fra': 'French', 'hat': 'Haitian Creole'}",19.0,-72.41666666,Haitian,False,['DOM'],27750.0,ğŸ‡­ğŸ‡¹,1
47,Honduras,2017,52,6.02,8.42,0.84,67.0,0.9,0.08,0.78,0.84,0.25,2.96,0.556,HND,Honduras,Republic of Honduras,.hn,HN,340.0,HND,HON,True,Tegucigalpa,Americas,Central America,{'spa': 'Spanish'},15.0,-86.5,Honduran,False,"['GTM', 'SLV', 'NIC']",112492.0,ğŸ‡­ğŸ‡³,3
48,India,2017,133,4.05,8.77,0.61,59.7,0.89,-0.05,0.78,0.68,0.32,1.66,-1.137,IND,India,Republic of India,.in,IN,356.0,IND,IND,True,New Delhi,Asia,Southern Asia,"{'eng': 'English', 'hin': 'Hindi', 'tam': 'Tamil'}",20.0,77.0,Indian,False,"['BGD', 'BTN', 'MMR', 'CHN', 'NPL', 'PAK']",3287590.0,ğŸ‡®ğŸ‡³,6
49,Indonesia,2017,91,5.1,9.32,0.8,61.9,0.87,0.48,0.9,0.86,0.32,2.33,0.24,IDN,Indonesia,Republic of Indonesia,.id,ID,360.0,IDN,INA,True,Jakarta,Asia,South-Eastern Asia,{'ind': 'Indonesian'},-5.0,120.0,Indonesian,False,"['TLS', 'MYS', 'PNG']",1904569.0,ğŸ‡®ğŸ‡©,3
50,Iran,2017,104,4.72,9.86,0.71,65.7,0.73,0.19,0.71,0.69,0.44,2.5,-0.713,IRN,Iran,Islamic Republic of Iran,.ir,IR,364.0,IRN,IRI,True,Tehran,Asia,Southern Asia,{'fas': 'Persian'},32.0,53.0,Iranian,False,"['AFG', 'ARM', 'AZE', 'IRQ', 'PAK', 'TUR', 'TKM']",1648195.0,ğŸ‡®ğŸ‡·,7
51,Ireland,2017,17,7.06,11.12,0.94,72.2,0.91,0.21,0.34,0.83,0.21,1.76,-0.337,IRL,Ireland,Republic of Ireland,.ie,IE,372.0,IRL,IRL,True,Dublin,Europe,Northern Europe,"{'eng': 'English', 'gle': 'Irish'}",53.0,-8.0,Irish,False,['GBR'],70273.0,ğŸ‡®ğŸ‡ª,1
52,Israel,2017,9,7.33,10.41,0.92,73.1,0.77,0.14,0.79,0.67,0.28,1.52,0.045,ISR,Israel,State of Israel,.il,IL,376.0,ISR,ISR,True,Jerusalem,Asia,Western Asia,"{'ara': 'Arabic', 'heb': 'Hebrew'}",31.47,35.13,Israeli,False,"['EGY', 'JOR', 'LBN', 'PSE', 'SYR']",20770.0,ğŸ‡®ğŸ‡±,5
53,Italy,2017,40,6.2,10.47,0.92,73.4,0.63,-0.04,0.87,0.66,0.32,1.93,-0.512,ITA,Italy,Italian Republic,.it,IT,380.0,ITA,ITA,True,Rome,Europe,Southern Europe,{'ita': 'Italian'},42.83333333,12.83333333,Italian,False,"['AUT', 'FRA', 'SMR', 'SVN', 'CHE', 'VAT']",301336.0,ğŸ‡®ğŸ‡¹,6
54,Ivory Coast,2017,96,5.04,8.19,0.66,48.9,0.73,-0.1,0.77,0.7,0.36,2.61,0.0,CIV,Ivory Coast,Republic of CÃ´te d'Ivoire,.ci,CI,384.0,CIV,CIV,True,Yamoussoukro,Africa,Western Africa,{'fra': 'French'},8.0,-5.0,Ivorian,False,"['BFA', 'GHA', 'GIN', 'LBR', 'MLI']",322463.0,ğŸ‡¨ğŸ‡®,5
55,Japan,2017,56,5.91,10.57,0.88,74.9,0.85,-0.22,0.66,0.74,0.18,1.95,-0.215,JPN,Japan,Japan,.jp,JP,392.0,JPN,JPN,True,Tokyo,Asia,Eastern Asia,{'jpn': 'Japanese'},36.0,138.0,Japanese,False,[],377930.0,ğŸ‡¯ğŸ‡µ,0
56,Jordan,2017,100,4.81,9.03,0.81,66.6,0.77,-0.15,0.7,0.63,0.39,2.52,-0.6970000000000001,JOR,Jordan,Hashemite Kingdom of Jordan,.jo,JO,400.0,JOR,JOR,True,Amman,Asia,Western Asia,{'ara': 'Arabic'},31.0,36.0,Jordanian,False,"['IRQ', 'ISR', 'PSE', 'SAU', 'SYR']",89342.0,ğŸ‡¯ğŸ‡´,5
57,Kazakhstan,2017,58,5.88,10.09,0.91,64.0,0.75,-0.05,0.76,0.76,0.17,1.75,0.118,KAZ,Kazakhstan,Republic of Kazakhstan,.kz,KZ,398.0,KAZ,KAZ,True,Astana,Asia,Central Asia,"{'kaz': 'Kazakh', 'rus': 'Russian'}",48.0,68.0,Kazakhstani,True,"['CHN', 'KGZ', 'RUS', 'TKM', 'UZB']",2724900.0,ğŸ‡°ğŸ‡¿,5
58,Kenya,2017,115,4.48,8.0,0.71,59.5,0.85,0.25,0.85,0.79,0.23,2.53,0.31,KEN,Kenya,Republic of Kenya,.ke,KE,404.0,KEN,KEN,True,Nairobi,Africa,Eastern Africa,"{'eng': 'English', 'swa': 'Swahili'}",1.0,38.0,Kenyan,False,"['ETH', 'SOM', 'SSD', 'TZA', 'UGA']",580367.0,ğŸ‡°ğŸ‡ª,5
59,Kosovo,2017,46,6.15,9.19,0.79,64.88,0.86,0.11,0.93,0.74,0.19,2.43,0.785,UNK,Kosovo,Republic of Kosovo,n/a,XK,n/a,UNK,KOS,n/a,Pristina,Europe,Eastern Europe,"{'sqi': 'Albanian', 'srp': 'Serbian'}",42.666667,21.166667,Kosovar,True,"['ALB', 'MKD', 'MNE', 'SRB']",10908.0,ğŸ‡½ğŸ‡°,4
60,Kyrgyzstan,2017,68,5.63,8.13,0.88,63.8,0.86,0.16,0.87,0.76,0.16,1.9,0.569,KGZ,Kyrgyzstan,Kyrgyz Republic,.kg,KG,417.0,KGZ,KGZ,True,Bishkek,Asia,Central Asia,"{'kir': 'Kyrgyz', 'rus': 'Russian'}",41.0,75.0,Kirghiz,True,"['CHN', 'KAZ', 'TJK', 'UZB']",199951.0,ğŸ‡°ğŸ‡¬,4
61,Laos,2017,110,4.62,8.76,0.71,58.3,0.89,0.07,0.59,0.87,0.34,1.88,-0.365,LAO,Laos,Lao People's Democratic Republic,.la,LA,418.0,LAO,LAO,True,Vientiane,Asia,South-Eastern Asia,{'lao': 'Lao'},18.0,105.0,Laotian,True,"['MMR', 'KHM', 'CHN', 'THA', 'VNM']",236800.0,ğŸ‡±ğŸ‡¦,5
62,Latvia,2017,53,5.98,10.13,0.9,66.5,0.7,-0.16,0.8,0.62,0.23,1.81,1.159,LVA,Latvia,Republic of Latvia,.lv,LV,428.0,LVA,LAT,True,Riga,Europe,Northern Europe,{'lav': 'Latvian'},57.0,25.0,Latvian,False,"['BLR', 'EST', 'LTU', 'RUS']",64559.0,ğŸ‡±ğŸ‡»,4
63,Lebanon,2017,88,5.15,9.5,0.78,66.6,0.6,-0.07,0.91,0.52,0.24,1.93,0.285,LBN,Lebanon,Lebanese Republic,.lb,LB,422.0,LBN,LIB,True,Beirut,Asia,Western Asia,"{'ara': 'Arabic', 'fra': 'French'}",33.83333333,35.83333333,Lebanese,False,"['ISR', 'SYR']",10452.0,ğŸ‡±ğŸ‡§,2
64,Liberia,2017,119,4.42,6.62,0.68,55.3,0.73,0.04,0.87,0.67,0.39,3.39,0.014,LBR,Liberia,Republic of Liberia,.lr,LR,430.0,LBR,LBR,True,Monrovia,Africa,Western Africa,{'eng': 'English'},6.5,-9.5,Liberian,False,"['GIN', 'CIV', 'SLE']",111369.0,ğŸ‡±ğŸ‡·,3
65,Libya,2017,66,5.65,9.79,0.82,62.3,0.78,-0.05,0.67,0.7,0.38,2.51,0.0,LBY,Libya,State of Libya,.ly,LY,434.0,LBY,LBA,True,Tripoli,Africa,Northern Africa,{'ara': 'Arabic'},25.0,17.0,Libyan,False,"['DZA', 'TCD', 'EGY', 'NER', 'SDN', 'TUN']",1759540.0,ğŸ‡±ğŸ‡¾,6
66,Lithuania,2017,37,6.27,10.29,0.93,66.7,0.75,-0.18,0.79,0.61,0.2,2.18,0.333,LTU,Lithuania,Republic of Lithuania,.lt,LT,440.0,LTU,LTU,True,Vilnius,Europe,Northern Europe,{'lit': 'Lithuanian'},56.0,24.0,Lithuanian,False,"['BLR', 'LVA', 'POL', 'RUS']",65300.0,ğŸ‡±ğŸ‡¹,4
67,Luxembourg,2017,16,7.06,11.45,0.91,72.6,0.9,0.04,0.33,0.77,0.18,1.42,0.0,LUX,Luxembourg,Grand Duchy of Luxembourg,.lu,LU,442.0,LUX,LUX,True,Luxembourg,Europe,Western Europe,"{'deu': 'German', 'fra': 'French', 'ltz': 'Luxembourgish'}",49.75,6.16666666,Luxembourger,True,"['BEL', 'FRA', 'DEU']",2586.0,ğŸ‡±ğŸ‡º,3
68,Macedonia,2017,83,5.23,9.48,0.8,67.3,0.75,-0.06,0.86,0.5,0.3,2.11,0.78,MKD,Macedonia,Republic of Macedonia,.mk,MK,807.0,MKD,MKD,True,Skopje,Europe,Southern Europe,{'mkd': 'Macedonian'},41.83333333,22.0,Macedonian,True,"['ALB', 'BGR', 'GRC', 'UNK', 'SRB']",25713.0,ğŸ‡²ğŸ‡°,5
69,Madagascar,2017,132,4.08,7.26,0.63,58.7,0.57,-0.03,0.85,0.75,0.37,2.33,-0.377,MDG,Madagascar,Republic of Madagascar,.mg,MG,450.0,MDG,MAD,True,Antananarivo,Africa,Eastern Africa,"{'fra': 'French', 'mlg': 'Malagasy'}",-20.0,47.0,Malagasy,False,[],587041.0,ğŸ‡²ğŸ‡¬,0
70,Malawi,2017,142,3.42,7.0,0.56,56.9,0.85,0.02,0.73,0.61,0.31,2.76,-0.951,MWI,Malawi,Republic of Malawi,.mw,MW,454.0,MWI,MAW,True,Lilongwe,Africa,Eastern Africa,"{'eng': 'English', 'nya': 'Chewa'}",-13.5,34.0,Malawian,True,"['MOZ', 'TZA', 'ZMB']",118484.0,ğŸ‡²ğŸ‡¼,3
71,Mali,2017,103,4.74,7.61,0.74,51.2,0.75,-0.07,0.86,0.74,0.39,2.51,0.326,MLI,Mali,Republic of Mali,.ml,ML,466.0,MLI,MLI,True,Bamako,Africa,Western Africa,{'fra': 'French'},17.0,-4.0,Malian,True,"['DZA', 'BFA', 'GIN', 'CIV', 'MRT', 'NER', 'SEN']",1240192.0,ğŸ‡²ğŸ‡±,7
72,Malta,2017,22,6.68,10.51,0.94,72.2,0.92,0.25,0.69,0.72,0.3,1.99,0.0,MLT,Malta,Republic of Malta,.mt,MT,470.0,MLT,MLT,True,Valletta,Europe,Southern Europe,"{'eng': 'English', 'mlt': 'Maltese'}",35.83333333,14.58333333,Maltese,False,[],316.0,ğŸ‡²ğŸ‡¹,0
73,Mauritania,2017,105,4.68,8.19,0.78,56.7,0.53,-0.14,0.78,0.64,0.27,2.13,0.292,MRT,Mauritania,Islamic Republic of Mauritania,.mr,MR,478.0,MRT,MTN,True,Nouakchott,Africa,Western Africa,{'ara': 'Arabic'},20.0,-12.0,Mauritanian,False,"['DZA', 'MLI', 'SEN', 'ESH']",1030700.0,ğŸ‡²ğŸ‡·,4
74,Mauritius,2017,43,6.17,9.92,0.91,66.1,0.91,0.08,0.82,0.75,0.17,2.25,0.0,MUS,Mauritius,Republic of Mauritius,.mu,MU,480.0,MUS,MRI,True,Port Louis,Africa,Eastern Africa,"{'eng': 'English', 'fra': 'French', 'mfe': 'Mauritian Creole'}",-20.28333333,57.55,Mauritian,False,[],2040.0,ğŸ‡²ğŸ‡º,0
75,Mexico,2017,27,6.41,9.76,0.8,68.0,0.86,-0.2,0.8,0.84,0.23,2.24,-0.051,MEX,Mexico,United Mexican States,.mx,MX,484.0,MEX,MEX,True,Mexico City,Americas,North America,{'spa': 'Spanish'},23.0,-102.0,Mexican,False,"['BLZ', 'GTM', 'USA']",1964375.0,ğŸ‡²ğŸ‡½,3
76,Moldova,2017,78,5.33,8.55,0.83,64.3,0.55,0.0,0.93,0.58,0.26,1.89,0.401,MDA,Moldova,Republic of Moldova,.md,MD,498.0,MDA,MDA,True,ChiÈ™inÄƒu,Europe,Eastern Europe,{'ron': 'Moldavian'},47.0,29.0,Moldovan,True,"['ROU', 'UKR']",33846.0,ğŸ‡²ğŸ‡©,2
77,Mongolia,2017,79,5.33,9.38,0.92,62.1,0.67,0.1,0.86,0.68,0.21,2.1,0.735,MNG,Mongolia,Mongolia,.mn,MN,496.0,MNG,MGL,True,Ulan Bator,Asia,Eastern Asia,{'mon': 'Mongolian'},46.0,105.0,Mongolian,True,"['CHN', 'RUS']",1564110.0,ğŸ‡²ğŸ‡³,2
78,Montenegro,2017,69,5.61,9.71,0.88,68.3,0.63,-0.08,0.76,0.52,0.35,2.21,0.327,MNE,Montenegro,Montenegro,.me,ME,499.0,MNE,MNE,True,Podgorica,Europe,Southern Europe,{'srp': 'Montenegrin'},42.5,19.3,Montenegrin,False,"['ALB', 'BIH', 'HRV', 'UNK', 'SRB']",13812.0,ğŸ‡²ğŸ‡ª,5
79,Morocco,2017,81,5.31,8.92,0.64,65.6,0.81,-0.23,0.84,0.56,0.32,2.29,0.0,MAR,Morocco,Kingdom of Morocco,.ma,MA,504.0,MAR,MAR,True,Rabat,Africa,Northern Africa,"{'ara': 'Arabic', 'ber': 'Berber'}",32.0,-5.0,Moroccan,False,"['DZA', 'ESH', 'ESP']",446550.0,ğŸ‡²ğŸ‡¦,3
80,Mozambique,2017,126,4.28,7.04,0.68,53.2,0.82,-0.02,0.68,0.65,0.35,2.99,-0.227,MOZ,Mozambique,Republic of Mozambique,.mz,MZ,508.0,MOZ,MOZ,True,Maputo,Africa,Eastern Africa,{'por': 'Portuguese'},-18.25,35.0,Mozambican,False,"['MWI', 'ZAF', 'SWZ', 'TZA', 'ZMB', 'ZWE']",801590.0,ğŸ‡²ğŸ‡¿,6
81,Myanmar,2017,128,4.15,8.63,0.8,58.7,0.89,0.63,0.62,0.75,0.28,2.23,0.0,MMR,Myanmar,Republic of the Union of Myanmar,.mm,MM,104.0,MMR,MYA,True,Naypyidaw,Asia,South-Eastern Asia,{'mya': 'Burmese'},22.0,98.0,Burmese,False,"['BGD', 'CHN', 'IND', 'LAO', 'THA']",676578.0,ğŸ‡²ğŸ‡²,5
82,Namibia,2017,118,4.44,9.16,0.83,56.2,0.81,-0.2,0.83,0.72,0.28,2.74,-0.246,NAM,Namibia,Republic of Namibia,.na,n/a,516.0,NAM,NAM,True,Windhoek,Africa,Southern Africa,"{'afr': 'Afrikaans', 'deu': 'German', 'eng': 'English', 'her': 'Herero', 'hgm': 'Khoekhoe', 'kwn': 'Kwangali', 'loz': 'Lozi', 'ndo': 'Ndonga', 'tsn': 'Tswana'}",-22.0,17.0,Namibian,False,"['AGO', 'BWA', 'ZAF', 'ZMB']",825615.0,ğŸ‡³ğŸ‡¦,4
83,Nepal,2017,102,4.74,7.8,0.82,62.4,0.85,0.14,0.77,0.57,0.38,2.47,0.328,NPL,Nepal,Federal Democratic Republic of Nepal,.np,NP,524.0,NPL,NEP,True,Kathmandu,Asia,Southern Asia,{'nep': 'Nepali'},28.0,84.0,Nepalese,True,"['CHN', 'IND']",147181.0,ğŸ‡³ğŸ‡µ,2
84,Netherlands,2017,6,7.46,10.79,0.94,72.2,0.92,0.24,0.36,0.85,0.18,1.32,-0.028,NLD,Netherlands,Kingdom of the Netherlands,.nl,NL,528.0,NLD,NED,True,Amsterdam,Europe,Western Europe,{'nld': 'Dutch'},52.5,5.75,Dutch,False,"['BEL', 'DEU']",41850.0,ğŸ‡³ğŸ‡±,2
85,New Zealand,2017,8,7.33,10.49,0.95,73.0,0.94,0.29,0.22,0.82,0.17,1.65,-0.109,NZL,New Zealand,New Zealand,.nz,NZ,554.0,NZL,NZL,True,Wellington,Oceania,Australia and New Zealand,"{'eng': 'English', 'mri': 'MÄori', 'nzs': 'New Zealand Sign Language'}",-41.0,174.0,New Zealander,False,[],270467.0,ğŸ‡³ğŸ‡¿,0
86,Nicaragua,2017,25,6.48,8.58,0.84,67.2,0.92,0.01,0.67,0.85,0.31,2.66,1.264,NIC,Nicaragua,Republic of Nicaragua,.ni,NI,558.0,NIC,NCA,True,Managua,Americas,Central America,{'spa': 'Spanish'},13.0,-85.0,Nicaraguan,False,"['CRI', 'HND']",130373.0,ğŸ‡³ğŸ‡®,2
87,Niger,2017,111,4.62,6.83,0.58,53.0,0.68,-0.02,0.78,0.73,0.43,2.78,0.5479999999999999,NER,Niger,Republic of Niger,.ne,NE,562.0,NER,NIG,True,Niamey,Africa,Western Africa,{'fra': 'French'},16.0,8.0,Nigerien,True,"['DZA', 'BEN', 'BFA', 'TCD', 'LBY', 'MLI', 'NGA']",1267000.0,ğŸ‡³ğŸ‡ª,7
88,Nigeria,2017,80,5.32,8.58,0.73,49.3,0.83,0.11,0.83,0.72,0.24,2.95,0.418,NGA,Nigeria,Federal Republic of Nigeria,.ng,NG,566.0,NGA,NGR,True,Abuja,Africa,Western Africa,{'eng': 'English'},10.0,8.0,Nigerian,False,"['BEN', 'CMR', 'TCD', 'NER']",923768.0,ğŸ‡³ğŸ‡¬,4
89,Norway,2017,3,7.58,11.08,0.95,73.1,0.95,0.22,0.25,0.85,0.2,1.62,0.03,NOR,Norway,Kingdom of Norway,.no,NO,578.0,NOR,NOR,True,Oslo,Europe,Northern Europe,"{'nno': 'Norwegian Nynorsk', 'nob': 'Norwegian BokmÃ¥l', 'smi': 'Sami'}",62.0,10.0,Norwegian,False,"['FIN', 'SWE', 'RUS']",323802.0,ğŸ‡³ğŸ‡´,3
90,Pakistan,2017,61,5.83,8.52,0.69,58.1,0.71,0.03,0.71,0.59,0.31,1.78,0.703,PAK,Pakistan,Islamic Republic of Pakistan,.pk,PK,586.0,PAK,PAK,True,Islamabad,Asia,Southern Asia,"{'eng': 'English', 'urd': 'Urdu'}",30.0,70.0,Pakistani,False,"['AFG', 'CHN', 'IND', 'IRN']",881912.0,ğŸ‡µğŸ‡°,4
91,Palestinian Territories,2017,109,4.63,8.36,0.82,62.01,0.63,-0.13,0.83,0.6,0.42,2.52,0.279,PSE,Palestine,State of Palestine,.ps,PS,275.0,PSE,PLE,False,Ramallah,Asia,Western Asia,{'ara': 'Arabic'},31.9,35.2,Palestinian,False,"['ISR', 'EGY', 'JOR']",6220.0,ğŸ‡µğŸ‡¸,3
92,Panama,2017,24,6.57,10.01,0.91,69.5,0.9,-0.16,0.84,0.83,0.24,2.68,-0.329,PAN,Panama,Republic of Panama,.pa,PA,591.0,PAN,PAN,True,Panama City,Americas,Central America,{'spa': 'Spanish'},9.0,-80.0,Panamanian,False,"['COL', 'CRI']",75417.0,ğŸ‡µğŸ‡¦,2
93,Peru,2017,64,5.71,9.41,0.83,67.8,0.83,-0.16,0.9,0.79,0.39,2.59,0.645,PER,Peru,Republic of Peru,.pe,PE,604.0,PER,PER,True,Lima,Americas,South America,"{'aym': 'Aymara', 'que': 'Quechua', 'spa': 'Spanish'}",-10.0,-76.0,Peruvian,False,"['BOL', 'BRA', 'CHL', 'COL', 'ECU']",1285216.0,ğŸ‡µğŸ‡ª,5
94,Philippines,2017,72,5.59,8.94,0.85,61.8,0.93,-0.15,0.71,0.77,0.34,2.6,0.86,PHL,Philippines,Republic of the Philippines,.ph,PH,608.0,PHL,PHI,True,Manila,Asia,South-Eastern Asia,"{'eng': 'English', 'fil': 'Filipino'}",13.0,122.0,Filipino,False,[],342353.0,ğŸ‡µğŸ‡­,0
95,Portugal,2017,63,5.71,10.24,0.9,72.2,0.91,-0.18,0.88,0.65,0.29,2.21,0.129,PRT,Portugal,Portuguese Republic,.pt,PT,620.0,PRT,POR,True,Lisbon,Europe,Southern Europe,{'por': 'Portuguese'},39.5,-8.0,Portuguese,False,['ESP'],92090.0,ğŸ‡µğŸ‡¹,1
96,Romania,2017,47,6.09,10.06,0.81,66.9,0.84,-0.16,0.93,0.73,0.23,2.14,0.851,ROU,Romania,Romania,.ro,RO,642.0,ROU,ROU,True,Bucharest,Europe,Eastern Europe,{'ron': 'Romanian'},46.0,25.0,Romanian,False,"['BGR', 'HUN', 'MDA', 'SRB', 'UKR']",238391.0,ğŸ‡·ğŸ‡´,5
97,Russia,2017,73,5.58,10.12,0.9,63.9,0.73,-0.15,0.86,0.71,0.19,2.12,0.385,RUS,Russia,Russian Federation,.ru,RU,643.0,RUS,RUS,True,Moscow,Europe,Eastern Europe,{'rus': 'Russian'},60.0,100.0,Russian,False,"['AZE', 'BLR', 'CHN', 'EST', 'FIN', 'GEO', 'KAZ', 'PRK', 'LVA', 'LTU', 'MNG', 'NOR', 'POL', 'UKR']",17098242.0,ğŸ‡·ğŸ‡º,14
98,Rwanda,2017,145,3.11,7.53,0.52,60.5,0.91,0.05,0.21,0.76,0.36,2.13,-0.94,RWA,Rwanda,Republic of Rwanda,.rw,RW,646.0,RWA,RWA,True,Kigali,Africa,Eastern Africa,"{'eng': 'English', 'fra': 'French', 'kin': 'Kinyarwanda'}",-2.0,30.0,Rwandan,True,"['BDI', 'COD', 'TZA', 'UGA']",26338.0,ğŸ‡·ğŸ‡¼,4
99,Saudi Arabia,2017,36,6.29,10.8,0.84,66.0,0.81,-0.15,0.5,0.77,0.31,2.51,-0.6659999999999999,SAU,Saudi Arabia,Kingdom of Saudi Arabia,.sa,SA,682.0,SAU,KSA,True,Riyadh,Asia,Western Asia,{'ara': 'Arabic'},25.0,45.0,Saudi Arabian,False,"['IRQ', 'JOR', 'KWT', 'OMN', 'QAT', 'ARE', 'YEM']",2149690.0,ğŸ‡¸ğŸ‡¦,7
100,Senegal,2017,106,4.68,7.81,0.74,59.2,0.69,-0.03,0.83,0.75,0.29,2.01,0.08800000000000001,SEN,Senegal,Republic of Senegal,.sn,SN,686.0,SEN,SEN,True,Dakar,Africa,Western Africa,{'fra': 'French'},14.0,-14.0,Senegalese,False,"['GMB', 'GIN', 'GNB', 'MLI', 'MRT']",196722.0,ğŸ‡¸ğŸ‡³,5
101,Serbia,2017,89,5.12,9.55,0.88,67.8,0.68,-0.08,0.85,0.51,0.33,2.39,0.853,SRB,Serbia,Republic of Serbia,.rs,RS,688.0,SRB,SRB,True,Belgrade,Europe,Southern Europe,{'srp': 'Serbian'},44.0,21.0,Serbian,True,"['BIH', 'BGR', 'HRV', 'HUN', 'UNK', 'MKD', 'MNE', 'ROU']",88361.0,ğŸ‡·ğŸ‡¸,8
102,Sierra Leone,2017,131,4.09,7.24,0.65,49.2,0.71,0.09,0.85,0.6,0.5,2.6,0.971,SLE,Sierra Leone,Republic of Sierra Leone,.sl,SL,694.0,SLE,SLE,True,Freetown,Africa,Western Africa,{'eng': 'English'},8.5,-11.5,Sierra Leonean,False,"['GIN', 'LBR']",71740.0,ğŸ‡¸ğŸ‡±,2
103,Singapore,2017,28,6.38,11.36,0.9,76.5,0.93,0.13,0.16,0.8,0.18,1.42,-0.379,SGP,Singapore,Republic of Singapore,.sg,SG,702.0,SGP,SIN,True,Singapore,Asia,South-Eastern Asia,"{'zho': 'Chinese', 'eng': 'English', 'msa': 'Malay', 'tam': 'Tamil'}",1.36666666,103.8,Singaporean,False,[],710.0,ğŸ‡¸ğŸ‡¬,0
104,Slovakia,2017,29,6.37,10.31,0.91,68.6,0.71,-0.07,0.92,0.79,0.21,1.9,0.933,SVK,Slovakia,Slovak Republic,.sk,SK,703.0,SVK,SVK,True,Bratislava,Europe,Central Europe,{'slk': 'Slovak'},48.66666666,19.5,Slovak,True,"['AUT', 'CZE', 'HUN', 'POL', 'UKR']",49037.0,ğŸ‡¸ğŸ‡°,5
105,Slovenia,2017,44,6.17,10.35,0.93,70.8,0.92,-0.03,0.83,0.62,0.29,1.98,0.306,SVN,Slovenia,Republic of Slovenia,.si,SI,705.0,SVN,SLO,True,Ljubljana,Europe,Southern Europe,{'slv': 'Slovene'},46.11666666,14.81666666,Slovene,False,"['AUT', 'HRV', 'ITA', 'HUN']",20273.0,ğŸ‡¸ğŸ‡®,4
106,South Africa,2017,114,4.51,9.42,0.87,56.1,0.79,-0.14,0.86,0.78,0.27,2.42,-0.49,ZAF,South Africa,Republic of South Africa,.za,ZA,710.0,ZAF,RSA,True,Pretoria,Africa,Southern Africa,"{'afr': 'Afrikaans', 'eng': 'English', 'nbl': 'Southern Ndebele', 'nso': 'Northern Sotho', 'sot': 'Southern Sotho', 'ssw': 'Swazi', 'tsn': 'Tswana', 'tso': 'Tsonga', 'ven': 'Venda', 'xho': 'Xhosa', 'zul': 'Zulu'}",-29.0,24.0,South African,False,"['BWA', 'LSO', 'MOZ', 'NAM', 'SWZ', 'ZWE']",1221037.0,ğŸ‡¿ğŸ‡¦,6
107,South Korea,2017,59,5.87,10.49,0.81,73.3,0.54,0.01,0.85,0.62,0.23,2.08,0.404,KOR,South Korea,Republic of Korea,.kr,KR,410.0,KOR,KOR,True,Seoul,Asia,Eastern Asia,{'kor': 'Korean'},37.0,127.5,South Korean,False,['PRK'],100210.0,ğŸ‡°ğŸ‡·,1
108,Spain,2017,38,6.23,10.44,0.9,74.1,0.76,-0.04,0.79,0.63,0.3,1.81,-0.7929999999999999,ESP,Spain,Kingdom of Spain,.es,ES,724.0,ESP,ESP,True,Madrid,Europe,Southern Europe,{'spa': 'Spanish'},40.0,-4.0,Spanish,False,"['AND', 'FRA', 'GIB', 'PRT', 'MAR']",505992.0,ğŸ‡ªğŸ‡¸,5
109,Sri Lanka,2017,121,4.33,9.36,0.82,67.0,0.83,0.09,0.84,0.79,0.27,2.23,-0.03,LKA,Sri Lanka,Democratic Socialist Republic of Sri Lanka,.lk,LK,144.0,LKA,SRI,True,Colombo,Asia,Southern Asia,"{'sin': 'Sinhala', 'tam': 'Tamil'}",7.0,81.0,Sri Lankan,False,['IND'],65610.0,ğŸ‡±ğŸ‡°,1
110,Sweden,2017,11,7.29,10.76,0.91,72.5,0.93,0.16,0.24,0.81,0.18,1.78,-0.035,SWE,Sweden,Kingdom of Sweden,.se,SE,752.0,SWE,SWE,True,Stockholm,Europe,Northern Europe,{'swe': 'Swedish'},62.0,15.0,Swedish,False,"['FIN', 'NOR']",450295.0,ğŸ‡¸ğŸ‡ª,2
111,Switzerland,2017,5,7.47,10.96,0.95,73.8,0.92,0.18,0.32,0.77,0.2,1.54,0.006999999999999999,CHE,Switzerland,Swiss Confederation,.ch,CH,756.0,CHE,SUI,True,Bern,Europe,Western Europe,"{'fra': 'French', 'gsw': 'Swiss German', 'ita': 'Italian', 'roh': 'Romansh'}",47.0,8.0,Swiss,True,"['AUT', 'FRA', 'ITA', 'LIE', 'DEU']",41284.0,ğŸ‡¨ğŸ‡­,5
112,Taiwan Province of China,2017,30,6.36,10.7,0.89,69.6,0.76,0.01,0.74,0.84,0.11,1.87,0.578,TWN,Taiwan,Republic of China (Taiwan),.tw,TW,158.0,TWN,TPE,False,Taipei,Asia,Eastern Asia,{'zho': 'Chinese'},23.5,121.0,Taiwanese,False,[],36193.0,ğŸ‡¹ğŸ‡¼,0
113,Tanzania,2017,143,3.35,7.89,0.71,57.0,0.8,0.1,0.65,0.71,0.26,2.68,-0.982,TZA,Tanzania,United Republic of Tanzania,.tz,TZ,834.0,TZA,TAN,True,Dodoma,Africa,Eastern Africa,"{'eng': 'English', 'swa': 'Swahili'}",-6.0,35.0,Tanzanian,False,"['BDI', 'COD', 'KEN', 'MWI', 'MOZ', 'RWA', 'UGA', 'ZMB']",945087.0,ğŸ‡¹ğŸ‡¿,8
114,Thailand,2017,55,5.94,9.7,0.88,67.0,0.92,0.21,0.88,0.82,0.23,2.24,0.227,THA,Thailand,Kingdom of Thailand,.th,TH,764.0,THA,THA,True,Bangkok,Asia,South-Eastern Asia,{'tha': 'Thai'},15.0,100.0,Thai,False,"['MMR', 'KHM', 'LAO', 'MYS']",513120.0,ğŸ‡¹ğŸ‡­,4
115,Togo,2017,120,4.36,7.27,0.51,54.3,0.72,-0.04,0.73,0.61,0.43,2.49,1.077,TGO,Togo,Togolese Republic,.tg,TG,768.0,TGO,TOG,True,LomÃ©,Africa,Western Africa,{'fra': 'French'},8.0,1.16666666,Togolese,False,"['BEN', 'BFA', 'GHA']",56785.0,ğŸ‡¹ğŸ‡¬,3
116,Tunisia,2017,130,4.12,9.29,0.72,66.6,0.48,-0.23,0.87,0.42,0.38,2.21,0.0,TUN,Tunisia,Tunisian Republic,.tn,TN,788.0,TUN,TUN,True,Tunis,Africa,Northern Africa,{'ara': 'Arabic'},34.0,9.0,Tunisian,False,"['DZA', 'LBY']",163610.0,ğŸ‡¹ğŸ‡³,2
117,Turkey,2017,71,5.61,10.13,0.88,66.4,0.64,-0.24,0.67,0.45,0.31,1.63,0.218,TUR,Turkey,Republic of Turkey,.tr,TR,792.0,TUR,TUR,True,Ankara,Asia,Western Asia,{'tur': 'Turkish'},39.0,35.0,Turkish,False,"['ARM', 'AZE', 'BGR', 'GEO', 'GRC', 'IRN', 'IRQ', 'SYR']",783562.0,ğŸ‡¹ğŸ‡·,8
118,Turkmenistan,2017,84,5.23,9.7,0.91,61.8,0.72,0.04,0.5,0.52,0.35,1.43,0.0,TKM,Turkmenistan,Turkmenistan,.tm,TM,795.0,TKM,TKM,True,Ashgabat,Asia,Central Asia,"{'rus': 'Russian', 'tuk': 'Turkmen'}",40.0,60.0,Turkmen,True,"['AFG', 'IRN', 'KAZ', 'UZB']",488100.0,ğŸ‡¹ğŸ‡²,4
119,Uganda,2017,134,4.0,7.44,0.74,55.3,0.77,0.07,0.82,0.7,0.4,2.67,-0.064,UGA,Uganda,Republic of Uganda,.ug,UG,800.0,UGA,UGA,True,Kampala,Africa,Eastern Africa,"{'eng': 'English', 'swa': 'Swahili'}",1.0,32.0,Ugandan,True,"['COD', 'KEN', 'RWA', 'SSD', 'TZA']",241550.0,ğŸ‡ºğŸ‡¬,5
120,Ukraine,2017,123,4.31,8.97,0.86,64.3,0.6,0.02,0.94,0.6,0.23,2.26,-0.741,UKR,Ukraine,Ukraine,.ua,UA,804.0,UKR,UKR,True,Kyiv,Europe,Eastern Europe,{'ukr': 'Ukrainian'},49.0,32.0,Ukrainian,False,"['BLR', 'HUN', 'MDA', 'POL', 'ROU', 'RUS', 'SVK']",603500.0,ğŸ‡ºğŸ‡¦,7
121,United Arab Emirates,2017,18,7.04,11.12,0.84,66.9,0.96,0.2,0.5,0.8,0.21,2.03,0.09,ARE,United Arab Emirates,United Arab Emirates,.ae,AE,784.0,ARE,UAE,True,Abu Dhabi,Asia,Western Asia,{'ara': 'Arabic'},24.0,54.0,Emirati,False,"['OMN', 'SAU']",83600.0,ğŸ‡¦ğŸ‡ª,2
122,United Kingdom,2017,14,7.1,10.59,0.94,72.1,0.81,0.29,0.42,0.76,0.21,1.62,0.13699999999999998,GBR,United Kingdom,United Kingdom of Great Britain and Northern Ireland,.uk,GB,826.0,GBR,GBR,True,London,Europe,Northern Europe,{'eng': 'English'},54.0,-2.0,British,False,['IRL'],242900.0,ğŸ‡¬ğŸ‡§,1
123,United States,2017,19,6.99,10.9,0.92,68.4,0.87,0.19,0.68,0.83,0.27,1.88,-0.446,USA,United States,United States of America,.us,US,840.0,USA,USA,True,Washington D.C.,Americas,North America,{'eng': 'English'},38.0,-97.0,American,False,"['CAN', 'MEX']",9372610.0,ğŸ‡ºğŸ‡¸,2
124,Uruguay,2017,31,6.34,9.93,0.91,68.9,0.9,-0.1,0.63,0.84,0.28,2.29,0.579,URY,Uruguay,Oriental Republic of Uruguay,.uy,UY,858.0,URY,URU,True,Montevideo,Americas,South America,{'spa': 'Spanish'},-33.0,-56.0,Uruguayan,False,"['ARG', 'BRA']",181034.0,ğŸ‡ºğŸ‡¾,2
125,Uzbekistan,2017,26,6.42,8.74,0.94,64.8,0.99,0.12,0.46,0.84,0.2,2.37,0.903,UZB,Uzbekistan,Republic of Uzbekistan,.uz,UZ,860.0,UZB,UZB,True,Tashkent,Asia,Central Asia,"{'rus': 'Russian', 'uzb': 'Uzbek'}",41.0,64.0,Uzbekistani,True,"['AFG', 'KAZ', 'KGZ', 'TJK', 'TKM']",447400.0,ğŸ‡ºğŸ‡¿,5
126,Venezuela,2017,95,5.07,9.44,0.9,66.3,0.64,-0.21,0.84,0.73,0.36,2.91,-1.944,VEN,Venezuela,Bolivarian Republic of Venezuela,.ve,VE,862.0,VEN,VEN,True,Caracas,Americas,South America,{'spa': 'Spanish'},8.0,-66.0,Venezuelan,False,"['BRA', 'COL', 'GUY']",916445.0,ğŸ‡»ğŸ‡ª,3
127,Vietnam,2017,85,5.18,8.73,0.85,67.7,0.9,-0.06,0.81,0.61,0.2,1.75,-0.225,VNM,Vietnam,Socialist Republic of Vietnam,.vn,VN,704.0,VNM,VIE,True,Hanoi,Asia,South-Eastern Asia,{'vie': 'Vietnamese'},16.16666666,107.83333333,Vietnamese,False,"['KHM', 'CHN', 'LAO']",331212.0,ğŸ‡»ğŸ‡³,3
128,Yemen,2017,144,3.25,7.3,0.79,55.9,0.6,-0.13,0.81,0.46,0.3,2.18,-1.097,YEM,Yemen,Republic of Yemen,.ye,YE,887.0,YEM,YEM,True,Sana'a,Asia,Western Asia,{'ara': 'Arabic'},15.0,48.0,Yemeni,False,"['OMN', 'SAU']",527968.0,ğŸ‡¾ğŸ‡ª,2
129,Zambia,2017,135,3.93,8.21,0.74,54.8,0.82,0.13,0.74,0.68,0.39,2.65,-0.413,ZMB,Zambia,Republic of Zambia,.zm,ZM,894.0,ZMB,ZAM,True,Lusaka,Africa,Eastern Africa,{'eng': 'English'},-15.0,30.0,Zambian,True,"['AGO', 'BWA', 'COD', 'MWI', 'MOZ', 'NAM', 'TZA', 'ZWE']",752612.0,ğŸ‡¿ğŸ‡²,8
130,Zimbabwe,2017,139,3.64,7.55,0.75,55.0,0.75,-0.07,0.75,0.81,0.22,2.66,0.236,ZWE,Zimbabwe,Republic of Zimbabwe,.zw,ZW,716.0,ZWE,ZIM,True,Harare,Africa,Eastern Africa,"{'bwg': 'Chibarwe', 'eng': 'English', 'kck': 'Kalanga', 'khi': 'Khoisan', 'ndc': 'Ndau', 'nde': 'Northern Ndebele', 'nya': 'Chewa', 'sna': 'Shona', 'sot': 'Sotho', 'toi': 'Tonga', 'tsn': 'Tswana', 'tso': 'Tsonga', 'ven': 'Venda', 'xho': 'Xhosa', 'zib': 'Zimbabwean Sign Language'}",-20.0,30.0,Zimbabwean,True,"['BWA', 'MOZ', 'ZAF', 'ZMB']",390757.0,ğŸ‡¿ğŸ‡¼,4
131,Bahrain,2017,39,6.23,10.68,0.88,68.5,0.91,0.13,0.55,0.81,0.29,2.22,0.0,BHR,Bahrain,Kingdom of Bahrain,.bh,BH,48.0,BHR,BRN,True,Manama,Asia,Western Asia,{'ara': 'Arabic'},26.0,50.55,Bahraini,False,[],765.0,ğŸ‡§ğŸ‡­,0
132,Central African Republic,2017,141,3.48,6.49,0.32,45.2,0.65,0.09,0.89,0.61,0.6,2.81,-1.077,CAF,Central African Republic,Central African Republic,.cf,CF,140.0,CAF,CAF,True,Bangui,Africa,Middle Africa,"{'fra': 'French', 'sag': 'Sango'}",7.0,21.0,Central African,True,"['CMR', 'TCD', 'COD', 'COG', 'SSD', 'SDN']",622984.0,ğŸ‡¨ğŸ‡«,6
133,Congo (Kinshasa),2017,122,4.31,6.69,0.67,52.9,0.7,0.09,0.81,0.55,0.4,2.64,0.0,COD,DR Congo,Democratic Republic of the Congo,.cd,CD,180.0,COD,COD,True,Kinshasa,Africa,Middle Africa,"{'fra': 'French', 'kon': 'Kikongo', 'lin': 'Lingala', 'lua': 'Tshiluba', 'swa': 'Swahili'}",0.0,25.0,Congolese,False,"['AGO', 'BDI', 'CAF', 'COG', 'RWA', 'SSD', 'TZA', 'UGA', 'ZMB']",2344858.0,ğŸ‡¨ğŸ‡©,9
134,Ghana,2017,75,5.48,8.35,0.67,56.8,0.78,0.08,0.84,0.7,0.25,2.55,0.09,GHA,Ghana,Republic of Ghana,.gh,GH,288.0,GHA,GHA,True,Accra,Africa,Western Africa,{'eng': 'English'},8.0,-2.0,Ghanaian,False,"['BFA', 'CIV', 'TGO']",238533.0,ğŸ‡¬ğŸ‡­,3
135,Hong Kong S.A.R. of China,2017,76,5.36,10.93,0.83,75.91,0.83,0.13,0.42,0.64,0.2,1.78,0.1,HKG,Hong Kong,Hong Kong Special Administrative Region of the People's Republic of China,.hk,HK,344.0,HKG,HKG,False,City of Victoria,Asia,Eastern Asia,"{'eng': 'English', 'zho': 'Chinese'}",22.267,114.18799999999999,Hong Konger,False,['CHN'],1104.0,ğŸ‡­ğŸ‡°,1
136,Hungary,2017,49,6.07,10.2,0.88,67.2,0.66,-0.15,0.89,0.74,0.18,1.79,0.6829999999999999,HUN,Hungary,Hungary,.hu,HU,348.0,HUN,HUN,True,Budapest,Europe,Eastern Europe,{'hun': 'Hungarian'},47.0,20.0,Hungarian,True,"['AUT', 'HRV', 'ROU', 'SRB', 'SVK', 'SVN', 'UKR']",93028.0,ğŸ‡­ğŸ‡º,7
137,Iceland,2017,4,7.48,10.75,0.97,73.0,0.94,0.24,0.73,0.9,0.15,1.63,0.605,ISL,Iceland,Iceland,.is,IS,352.0,ISL,ISL,True,Reykjavik,Europe,Northern Europe,{'isl': 'Icelandic'},65.0,-18.0,Icelander,False,[],103000.0,ğŸ‡®ğŸ‡¸,0
138,Iraq,2017,116,4.46,9.66,0.7,59.6,0.63,-0.04,0.76,0.51,0.59,2.9,-0.153,IRQ,Iraq,Republic of Iraq,.iq,IQ,368.0,IRQ,IRQ,True,Baghdad,Asia,Western Asia,"{'ara': 'Arabic', 'arc': 'Aramaic', 'ckb': 'Sorani'}",33.0,44.0,Iraqi,False,"['IRN', 'JOR', 'KWT', 'SAU', 'SYR', 'TUR']",438317.0,ğŸ‡®ğŸ‡¶,6
139,Jamaica,2017,57,5.89,9.01,0.91,67.1,0.86,-0.13,0.88,0.77,0.24,2.4,-0.318,JAM,Jamaica,Jamaica,.jm,JM,388.0,JAM,JAM,True,Kingston,Americas,Caribbean,"{'eng': 'English', 'jam': 'Jamaican Patois'}",18.25,-77.5,Jamaican,False,[],10991.0,ğŸ‡¯ğŸ‡²,0
140,Kuwait,2017,48,6.09,11.09,0.85,66.5,0.88,-0.04,0.52,0.69,0.31,2.36,-0.055,KWT,Kuwait,State of Kuwait,.kw,KW,414.0,KWT,KUW,True,Kuwait City,Asia,Western Asia,{'ara': 'Arabic'},29.5,45.75,Kuwaiti,False,"['IRQ', 'SAU']",17818.0,ğŸ‡°ğŸ‡¼,2
141,Lesotho,2017,138,3.8,7.96,0.77,47.3,0.76,-0.15,0.8,0.75,0.26,2.84,0.0,LSO,Lesotho,Kingdom of Lesotho,.ls,LS,426.0,LSO,LES,True,Maseru,Africa,Southern Africa,"{'eng': 'English', 'sot': 'Sotho'}",-29.5,28.5,Mosotho,True,['ZAF'],30355.0,ğŸ‡±ğŸ‡¸,1
142,Paraguay,2017,65,5.71,9.09,0.9,65.5,0.89,0.02,0.81,0.9,0.23,2.43,0.551,PRY,Paraguay,Republic of Paraguay,.py,PY,600.0,PRY,PAR,True,AsunciÃ³n,Americas,South America,"{'grn': 'GuaranÃ­', 'spa': 'Spanish'}",-23.0,-58.0,Paraguayan,True,"['ARG', 'BOL', 'BRA']",406752.0,ğŸ‡µğŸ‡¾,3
143,Poland,2017,41,6.2,10.21,0.88,68.9,0.83,-0.13,0.85,0.68,0.2,1.63,0.445,POL,Poland,Republic of Poland,.pl,PL,616.0,POL,POL,True,Warsaw,Europe,Eastern Europe,{'pol': 'Polish'},52.0,20.0,Polish,False,"['BLR', 'CZE', 'DEU', 'LTU', 'RUS', 'SVK', 'UKR']",312679.0,ğŸ‡µğŸ‡±,7
144,South Sudan,2017,146,2.82,7.36,0.56,51.0,0.46,0.02,0.76,0.59,0.52,2.74,0.0,SSD,South Sudan,Republic of South Sudan,.ss,SS,728.0,SSD,none,True,Juba,Africa,Middle Africa,{'eng': 'English'},7.0,30.0,South Sudanese,True,"['CAF', 'COD', 'ETH', 'KEN', 'SDN', 'UGA']",619745.0,ğŸ‡¸ğŸ‡¸,6
145,Tajikistan,2017,62,5.83,7.97,0.66,63.8,0.83,0.12,0.72,0.6,0.28,2.21,0.764,TJK,Tajikistan,Republic of Tajikistan,.tj,TJ,762.0,TJK,TJK,True,Dushanbe,Asia,Central Asia,"{'rus': 'Russian', 'tgk': 'Tajik'}",39.0,71.0,Tadzhik,True,"['AFG', 'CHN', 'KGZ', 'UZB']",143100.0,ğŸ‡¹ğŸ‡¯,4
146,Trinidad and Tobago,2017,42,6.19,10.27,0.92,63.5,0.86,0.0,0.91,0.85,0.25,2.28,-0.071,TTO,Trinidad and Tobago,Republic of Trinidad and Tobago,.tt,TT,780.0,TTO,TTO,True,Port of Spain,Americas,Caribbean,{'eng': 'English'},11.0,-61.0,Trinidadian,False,[],5130.0,ğŸ‡¹ğŸ‡¹,0
